transaction_id,player_id,transaction_timestamp,product_type,usd_amount
1,16,2026-01-03 15:00:00,starter_bundle,0.99
2,35,2026-01-02 14:00:00,starter_bundle,0.99
3,86,2026-01-04 10:00:00,starter_bundle,0.99
4,92,2026-01-05 19:00:00,remove_ads,3.99
5,99,2026-01-02 20:00:00,coin_pack,9.99
6,146,2026-01-13 04:00:00,coin_pack,19.99
7,150,2026-01-03 02:00:00,coin_pack,9.99
8,152,2026-01-10 13:00:00,coin_pack,9.99
9,153,2026-01-02 05:00:00,starter_bundle,0.99
10,163,2026-01-10 22:00:00,starter_bundle,0.99
11,175,2026-01-01 17:00:00,starter_bundle,0.99
12,181,2026-01-08 20:00:00,coin_pack,9.99
13,184,2026-02-03 03:00:00,remove_ads,3.99
14,203,2026-01-04 13:00:00,coin_pack,9.99
15,208,2026-01-04 09:00:00,starter_bundle,0.99
16,234,2026-01-01 14:00:00,coin_pack,9.99
17,235,2026-01-16 00:00:00,remove_ads,3.99
18,255,2026-01-04 18:00:00,vip_pass,14.99
19,257,2026-01-08 14:00:00,vip_pass,14.99
20,275,2026-01-31 15:00:00,starter_bundle,0.99
21,284,2026-01-04 22:00:00,remove_ads,3.99
22,365,2026-01-14 10:00:00,starter_bundle,0.99
23,372,2026-02-14 15:00:00,remove_ads,3.99
24,377,2026-03-16 21:00:00,coin_pack,4.99
25,408,2026-03-11 16:00:00,vip_pass,14.99
26,441,2026-01-25 01:00:00,remove_ads,3.99
27,445,2026-01-12 05:00:00,coin_pack,19.99
28,460,2026-01-04 00:00:00,coin_pack,9.99
29,461,2026-01-13 13:00:00,starter_bundle,0.99
30,529,2026-01-07 04:00:00,remove_ads,3.99
31,534,2026-01-02 15:00:00,vip_pass,14.99
32,550,2026-01-21 20:00:00,coin_pack,9.99
33,563,2026-02-02 03:00:00,coin_pack,9.99
34,598,2026-01-04 18:00:00,remove_ads,3.99
35,605,2026-03-14 19:00:00,starter_bundle,0.99
36,643,2026-01-07 01:00:00,starter_bundle,0.99
37,653,2026-02-11 12:00:00,coin_pack,19.99
38,734,2026-01-24 19:00:00,coin_pack,9.99
39,755,2026-02-21 03:00:00,remove_ads,3.99
40,777,2026-02-26 20:00:00,starter_bundle,0.99
41,804,2026-01-07 01:00:00,starter_bundle,0.99
42,847,2026-01-28 22:00:00,coin_pack,9.99
43,859,2026-01-03 08:00:00,starter_bundle,0.99
44,863,2026-03-04 05:00:00,coin_pack,19.99
45,915,2026-01-10 19:00:00,coin_pack,19.99
46,920,2026-01-16 21:00:00,vip_pass,14.99
47,978,2026-01-05 18:00:00,remove_ads,3.99
48,996,2026-02-08 23:00:00,vip_pass,14.99
49,1025,2026-01-04 16:00:00,coin_pack,4.99
50,1028,2026-01-19 12:00:00,starter_bundle,0.99
51,1039,2026-01-21 18:00:00,starter_bundle,0.99
52,1046,2026-01-21 04:00:00,vip_pass,14.99
53,1081,2026-01-20 23:00:00,remove_ads,3.99
54,1081,2026-01-22 01:00:00,coin_pack,19.99
55,1082,2026-01-11 21:00:00,coin_pack,9.99
56,1106,2026-01-09 09:00:00,starter_bundle,0.99
57,1111,2026-03-29 05:00:00,starter_bundle,0.99
58,1118,2026-03-20 11:00:00,starter_bundle,0.99
59,1130,2026-02-19 13:00:00,coin_pack,19.99
60,1135,2026-02-07 05:00:00,starter_bundle,0.99
61,1136,2026-01-26 23:00:00,starter_bundle,0.99
62,1141,2026-01-04 04:00:00,remove_ads,3.99
63,1197,2026-01-18 15:00:00,remove_ads,3.99
64,1199,2026-01-13 05:00:00,vip_pass,14.99
65,1204,2026-01-24 12:00:00,vip_pass,14.99
66,1223,2026-01-10 10:00:00,coin_pack,4.99
67,1249,2026-01-25 01:00:00,remove_ads,3.99
68,1324,2026-01-24 10:00:00,coin_pack,4.99
69,1368,2026-01-08 01:00:00,vip_pass,14.99
70,1386,2026-01-13 23:00:00,coin_pack,19.99
71,1395,2026-02-18 17:00:00,starter_bundle,0.99
72,1402,2026-01-16 01:00:00,coin_pack,4.99
73,1427,2026-02-18 12:00:00,remove_ads,3.99
74,1429,2026-02-14 05:00:00,coin_pack,19.99
75,1449,2026-01-06 03:00:00,coin_pack,19.99
76,1459,2026-01-08 16:00:00,vip_pass,14.99
77,1461,2026-01-23 19:00:00,coin_pack,19.99
78,1471,2026-01-09 01:00:00,coin_pack,19.99
79,1474,2026-01-08 13:00:00,coin_pack,19.99
80,1503,2026-01-06 08:00:00,starter_bundle,0.99
81,1559,2026-01-12 04:00:00,coin_pack,9.99
82,1568,2026-03-08 01:00:00,starter_bundle,0.99
83,1583,2026-01-07 02:00:00,coin_pack,4.99
84,1606,2026-01-19 10:00:00,starter_bundle,0.99
85,1618,2026-01-22 15:00:00,remove_ads,3.99
86,1631,2026-01-16 04:00:00,vip_pass,14.99
87,1633,2026-01-31 02:00:00,coin_pack,4.99
88,1646,2026-01-09 05:00:00,starter_bundle,0.99
89,1679,2026-01-09 00:00:00,coin_pack,9.99
90,1679,2026-01-13 18:00:00,vip_pass,14.99
91,1694,2026-01-07 14:00:00,starter_bundle,0.99
92,1698,2026-01-11 08:00:00,starter_bundle,0.99
93,1718,2026-01-10 00:00:00,remove_ads,3.99
94,1725,2026-01-09 00:00:00,coin_pack,9.99
95,1750,2026-03-31 02:00:00,vip_pass,14.99
96,1792,2026-01-07 19:00:00,starter_bundle,0.99
97,1798,2026-01-10 13:00:00,vip_pass,14.99
98,1838,2026-01-11 04:00:00,starter_bundle,0.99
99,1887,2026-01-12 00:00:00,coin_pack,4.99
100,1891,2026-01-07 05:00:00,starter_bundle,0.99
101,1900,2026-01-11 16:00:00,coin_pack,9.99
102,1905,2026-01-09 07:00:00,vip_pass,14.99
103,1906,2026-01-07 00:00:00,starter_bundle,0.99
104,1921,2026-01-29 23:00:00,starter_bundle,0.99
105,1924,2026-01-17 08:00:00,coin_pack,4.99
106,1929,2026-02-13 00:00:00,coin_pack,19.99
107,1946,2026-04-04 16:00:00,remove_ads,3.99
108,1953,2026-01-16 23:00:00,starter_bundle,0.99
109,1956,2026-01-10 07:00:00,coin_pack,19.99
110,1970,2026-01-13 20:00:00,coin_pack,4.99
111,1991,2026-01-17 00:00:00,remove_ads,3.99
112,1997,2026-01-09 20:00:00,coin_pack,4.99
113,2004,2026-02-01 02:00:00,coin_pack,19.99
114,2016,2026-01-08 21:00:00,coin_pack,9.99
115,2032,2026-03-29 11:00:00,remove_ads,3.99
116,2036,2026-01-25 12:00:00,coin_pack,19.99
117,2142,2026-01-12 06:00:00,vip_pass,14.99
118,2145,2026-04-07 07:00:00,remove_ads,3.99
119,2154,2026-02-18 22:00:00,vip_pass,14.99
120,2161,2026-02-08 15:00:00,coin_pack,19.99
121,2187,2026-01-16 07:00:00,coin_pack,19.99
122,2188,2026-01-30 13:00:00,vip_pass,14.99
123,2204,2026-01-08 15:00:00,coin_pack,9.99
124,2205,2026-01-21 04:00:00,remove_ads,3.99
125,2225,2026-03-21 06:00:00,vip_pass,14.99
126,2240,2026-01-12 12:00:00,starter_bundle,0.99
127,2240,2026-01-19 04:00:00,starter_bundle,0.99
128,2273,2026-03-22 01:00:00,coin_pack,4.99
129,2277,2026-01-19 12:00:00,coin_pack,19.99
130,2278,2026-02-14 04:00:00,coin_pack,4.99
131,2340,2026-04-04 11:00:00,coin_pack,9.99
132,2391,2026-01-19 03:00:00,coin_pack,9.99
133,2422,2026-02-03 10:00:00,coin_pack,9.99
134,2445,2026-01-09 15:00:00,coin_pack,19.99
135,2450,2026-01-19 22:00:00,coin_pack,19.99
136,2461,2026-01-12 08:00:00,starter_bundle,0.99
137,2471,2026-01-19 22:00:00,starter_bundle,0.99
138,2477,2026-01-12 14:00:00,coin_pack,19.99
139,2482,2026-01-14 12:00:00,coin_pack,9.99
140,2494,2026-01-28 23:00:00,remove_ads,3.99
141,2502,2026-01-12 05:00:00,coin_pack,9.99
142,2506,2026-01-22 14:00:00,coin_pack,19.99
143,2506,2026-03-05 10:00:00,coin_pack,4.99
144,2508,2026-03-04 07:00:00,remove_ads,3.99
145,2520,2026-01-23 03:00:00,vip_pass,14.99
146,2524,2026-01-12 18:00:00,vip_pass,14.99
147,2541,2026-01-27 22:00:00,remove_ads,3.99
148,2592,2026-01-09 08:00:00,starter_bundle,0.99
149,2593,2026-02-05 14:00:00,vip_pass,14.99
150,2601,2026-02-09 10:00:00,coin_pack,9.99
151,2611,2026-03-05 11:00:00,starter_bundle,0.99
152,2612,2026-01-10 22:00:00,starter_bundle,0.99
153,2616,2026-01-12 00:00:00,starter_bundle,0.99
154,2617,2026-01-24 14:00:00,starter_bundle,0.99
155,2739,2026-01-14 17:00:00,coin_pack,4.99
156,2772,2026-03-09 11:00:00,coin_pack,9.99
157,2796,2026-01-17 19:00:00,remove_ads,3.99
158,2807,2026-01-16 18:00:00,coin_pack,19.99
159,2823,2026-01-24 06:00:00,coin_pack,19.99
160,2849,2026-01-27 11:00:00,vip_pass,14.99
161,2849,2026-01-30 15:00:00,coin_pack,19.99
162,2855,2026-01-18 19:00:00,coin_pack,9.99
163,2894,2026-02-14 20:00:00,coin_pack,19.99
164,2943,2026-01-18 05:00:00,starter_bundle,0.99
165,2962,2026-01-15 04:00:00,remove_ads,3.99
166,2985,2026-01-18 18:00:00,starter_bundle,0.99
167,3017,2026-01-11 14:00:00,coin_pack,9.99
168,3043,2026-01-12 08:00:00,vip_pass,14.99
169,3062,2026-01-14 05:00:00,coin_pack,4.99
170,3066,2026-01-11 01:00:00,starter_bundle,0.99
171,3093,2026-02-09 19:00:00,coin_pack,9.99
172,3099,2026-01-23 14:00:00,remove_ads,3.99
173,3116,2026-01-18 12:00:00,coin_pack,9.99
174,3134,2026-01-18 02:00:00,coin_pack,4.99
175,3158,2026-01-12 07:00:00,vip_pass,14.99
176,3159,2026-01-26 00:00:00,starter_bundle,0.99
177,3162,2026-01-15 04:00:00,starter_bundle,0.99
178,3171,2026-01-13 15:00:00,vip_pass,14.99
179,3215,2026-03-07 01:00:00,coin_pack,4.99
180,3218,2026-01-12 16:00:00,starter_bundle,0.99
181,3267,2026-03-31 16:00:00,starter_bundle,0.99
182,3297,2026-03-01 23:00:00,vip_pass,14.99
183,3312,2026-01-18 04:00:00,coin_pack,4.99
184,3335,2026-01-20 21:00:00,starter_bundle,0.99
185,3335,2026-02-01 04:00:00,coin_pack,9.99
186,3343,2026-01-12 00:00:00,remove_ads,3.99
187,3353,2026-01-28 02:00:00,coin_pack,9.99
188,3354,2026-02-15 14:00:00,coin_pack,19.99
189,3370,2026-01-13 18:00:00,coin_pack,9.99
190,3387,2026-01-15 23:00:00,coin_pack,4.99
191,3393,2026-01-20 23:00:00,coin_pack,9.99
192,3398,2026-01-17 20:00:00,starter_bundle,0.99
193,3400,2026-01-13 20:00:00,coin_pack,9.99
194,3412,2026-01-26 12:00:00,remove_ads,3.99
195,3413,2026-01-23 21:00:00,coin_pack,4.99
196,3435,2026-02-27 20:00:00,remove_ads,3.99
197,3438,2026-01-14 22:00:00,coin_pack,9.99
198,3446,2026-01-19 20:00:00,coin_pack,9.99
199,3456,2026-01-25 23:00:00,starter_bundle,0.99
200,3481,2026-01-19 23:00:00,remove_ads,3.99
201,3518,2026-01-30 19:00:00,coin_pack,19.99
202,3555,2026-03-01 09:00:00,vip_pass,14.99
203,3562,2026-01-15 05:00:00,coin_pack,19.99
204,3622,2026-01-31 06:00:00,vip_pass,14.99
205,3622,2026-02-13 18:00:00,coin_pack,9.99
206,3627,2026-01-14 06:00:00,starter_bundle,0.99
207,3633,2026-01-24 20:00:00,coin_pack,19.99
208,3636,2026-01-17 16:00:00,coin_pack,4.99
209,3642,2026-01-13 21:00:00,starter_bundle,0.99
210,3646,2026-01-18 00:00:00,starter_bundle,0.99
211,3654,2026-02-25 11:00:00,vip_pass,14.99
212,3658,2026-01-17 00:00:00,starter_bundle,0.99
213,3660,2026-01-14 18:00:00,starter_bundle,0.99
214,3661,2026-03-04 12:00:00,remove_ads,3.99
215,3665,2026-04-11 13:00:00,coin_pack,4.99
216,3682,2026-01-17 20:00:00,coin_pack,19.99
217,3685,2026-01-21 23:00:00,coin_pack,4.99
218,3693,2026-01-13 05:00:00,remove_ads,3.99
219,3724,2026-02-24 14:00:00,remove_ads,3.99
220,3725,2026-01-27 19:00:00,coin_pack,19.99
221,3727,2026-01-15 08:00:00,starter_bundle,0.99
222,3741,2026-01-25 22:00:00,starter_bundle,0.99
223,3745,2026-01-13 13:00:00,vip_pass,14.99
224,3753,2026-01-19 23:00:00,vip_pass,14.99
225,3754,2026-03-07 04:00:00,vip_pass,14.99
226,3756,2026-01-24 03:00:00,vip_pass,14.99
227,3756,2026-03-07 07:00:00,coin_pack,9.99
228,3803,2026-03-30 16:00:00,coin_pack,9.99
229,3834,2026-02-03 19:00:00,vip_pass,14.99
230,3854,2026-02-12 14:00:00,coin_pack,9.99
231,3860,2026-02-16 09:00:00,remove_ads,3.99
232,3938,2026-01-20 01:00:00,remove_ads,3.99
233,3943,2026-01-31 00:00:00,vip_pass,14.99
234,3944,2026-02-22 03:00:00,starter_bundle,0.99
235,3983,2026-01-24 23:00:00,starter_bundle,0.99
236,4005,2026-02-22 06:00:00,starter_bundle,0.99
237,4010,2026-02-07 15:00:00,coin_pack,4.99
238,4016,2026-01-23 08:00:00,starter_bundle,0.99
239,4018,2026-01-22 04:00:00,vip_pass,14.99
240,4021,2026-02-16 04:00:00,starter_bundle,0.99
241,4049,2026-02-12 01:00:00,starter_bundle,0.99
242,4050,2026-01-24 04:00:00,starter_bundle,0.99
243,4051,2026-01-18 21:00:00,coin_pack,19.99
244,4060,2026-02-03 02:00:00,coin_pack,4.99
245,4076,2026-01-24 07:00:00,remove_ads,3.99
246,4077,2026-02-24 11:00:00,coin_pack,9.99
247,4080,2026-02-13 06:00:00,coin_pack,19.99
248,4094,2026-01-23 13:00:00,coin_pack,4.99
249,4101,2026-01-28 12:00:00,coin_pack,19.99
250,4110,2026-01-20 08:00:00,starter_bundle,0.99
251,4260,2026-01-20 10:00:00,remove_ads,3.99
252,4263,2026-02-26 16:00:00,remove_ads,3.99
253,4275,2026-03-21 13:00:00,vip_pass,14.99
254,4276,2026-02-16 13:00:00,vip_pass,14.99
255,4314,2026-02-01 17:00:00,starter_bundle,0.99
256,4392,2026-01-29 02:00:00,remove_ads,3.99
257,4423,2026-03-23 12:00:00,vip_pass,14.99
258,4493,2026-01-17 12:00:00,coin_pack,19.99
259,4532,2026-02-13 19:00:00,coin_pack,9.99
260,4540,2026-01-16 02:00:00,vip_pass,14.99
261,4559,2026-01-24 07:00:00,coin_pack,9.99
262,4563,2026-02-01 13:00:00,starter_bundle,0.99
263,4565,2026-02-06 05:00:00,coin_pack,19.99
264,4568,2026-04-12 23:00:00,starter_bundle,0.99
265,4590,2026-01-19 19:00:00,coin_pack,9.99
266,4636,2026-01-23 02:00:00,vip_pass,14.99
267,4638,2026-01-26 07:00:00,coin_pack,9.99
268,4639,2026-01-16 01:00:00,coin_pack,9.99
269,4651,2026-03-26 11:00:00,coin_pack,4.99
270,4657,2026-02-10 22:00:00,coin_pack,4.99
271,4673,2026-01-22 18:00:00,coin_pack,19.99
272,4698,2026-04-08 15:00:00,vip_pass,14.99
273,4716,2026-02-04 06:00:00,coin_pack,19.99
274,4747,2026-02-27 02:00:00,starter_bundle,0.99
275,4771,2026-02-18 23:00:00,coin_pack,4.99
276,4839,2026-03-30 14:00:00,remove_ads,3.99
277,4848,2026-02-17 01:00:00,starter_bundle,0.99
278,4861,2026-01-17 16:00:00,starter_bundle,0.99
279,4869,2026-01-21 14:00:00,coin_pack,19.99
280,4874,2026-01-20 18:00:00,coin_pack,9.99
281,4884,2026-01-25 08:00:00,remove_ads,3.99
282,4890,2026-03-16 04:00:00,coin_pack,19.99
283,4897,2026-01-30 22:00:00,vip_pass,14.99
284,4905,2026-02-14 02:00:00,coin_pack,19.99
285,4925,2026-01-29 02:00:00,coin_pack,9.99
286,4926,2026-01-24 18:00:00,coin_pack,9.99
287,4931,2026-01-17 02:00:00,remove_ads,3.99
288,4931,2026-01-25 17:00:00,coin_pack,9.99
289,4942,2026-01-30 16:00:00,remove_ads,3.99
290,4957,2026-01-21 06:00:00,coin_pack,4.99
291,4961,2026-01-23 03:00:00,vip_pass,14.99
292,4971,2026-01-21 11:00:00,starter_bundle,0.99
293,5087,2026-02-17 22:00:00,remove_ads,3.99
294,5092,2026-01-27 07:00:00,coin_pack,19.99
295,5129,2026-01-31 11:00:00,remove_ads,3.99
296,5140,2026-02-02 07:00:00,remove_ads,3.99
297,5162,2026-01-26 15:00:00,coin_pack,4.99
298,5167,2026-01-22 08:00:00,remove_ads,3.99
299,5184,2026-03-05 16:00:00,vip_pass,14.99
300,5187,2026-01-22 04:00:00,coin_pack,9.99
301,5189,2026-03-02 16:00:00,vip_pass,14.99
302,5192,2026-01-30 09:00:00,coin_pack,19.99
303,5219,2026-02-05 22:00:00,coin_pack,4.99
304,5241,2026-01-27 06:00:00,starter_bundle,0.99
305,5242,2026-01-24 21:00:00,vip_pass,14.99
306,5245,2026-04-11 14:00:00,coin_pack,9.99
307,5246,2026-01-19 09:00:00,starter_bundle,0.99
308,5249,2026-01-20 07:00:00,vip_pass,14.99
309,5255,2026-01-24 14:00:00,coin_pack,4.99
310,5256,2026-01-23 00:00:00,vip_pass,14.99
311,5270,2026-01-28 06:00:00,starter_bundle,0.99
312,5276,2026-01-28 04:00:00,coin_pack,19.99
313,5289,2026-01-20 06:00:00,coin_pack,19.99
314,5290,2026-01-25 23:00:00,vip_pass,14.99
315,5396,2026-01-20 15:00:00,vip_pass,14.99
316,5420,2026-01-23 20:00:00,coin_pack,19.99
317,5434,2026-01-19 12:00:00,starter_bundle,0.99
318,5467,2026-01-23 06:00:00,remove_ads,3.99
319,5471,2026-01-19 20:00:00,remove_ads,3.99
320,5473,2026-01-26 06:00:00,coin_pack,4.99
321,5480,2026-03-14 14:00:00,starter_bundle,0.99
322,5501,2026-02-03 01:00:00,coin_pack,9.99
323,5506,2026-01-26 20:00:00,coin_pack,9.99
324,5512,2026-03-05 15:00:00,vip_pass,14.99
325,5522,2026-01-24 16:00:00,starter_bundle,0.99
326,5537,2026-02-20 16:00:00,coin_pack,9.99
327,5560,2026-01-19 04:00:00,coin_pack,19.99
328,5566,2026-01-25 21:00:00,coin_pack,4.99
329,5566,2026-02-03 21:00:00,coin_pack,19.99
330,5568,2026-02-02 15:00:00,coin_pack,19.99
331,5572,2026-02-05 03:00:00,starter_bundle,0.99
332,5592,2026-01-23 18:00:00,vip_pass,14.99
333,5600,2026-01-24 21:00:00,coin_pack,9.99
334,5607,2026-01-20 00:00:00,remove_ads,3.99
335,5655,2026-03-14 04:00:00,vip_pass,14.99
336,5658,2026-02-01 20:00:00,coin_pack,19.99
337,5676,2026-01-20 15:00:00,starter_bundle,0.99
338,5728,2026-01-29 13:00:00,vip_pass,14.99
339,5744,2026-03-01 23:00:00,coin_pack,19.99
340,5749,2026-03-31 21:00:00,remove_ads,3.99
341,5755,2026-01-31 15:00:00,coin_pack,9.99
342,5803,2026-03-13 06:00:00,starter_bundle,0.99
343,5806,2026-02-13 22:00:00,coin_pack,19.99
344,5814,2026-02-19 20:00:00,coin_pack,19.99
345,5818,2026-02-04 18:00:00,starter_bundle,0.99
346,5840,2026-02-02 13:00:00,remove_ads,3.99
347,5851,2026-01-21 20:00:00,starter_bundle,0.99
348,5856,2026-01-23 19:00:00,starter_bundle,0.99
349,5861,2026-02-09 14:00:00,vip_pass,14.99
350,5873,2026-01-23 10:00:00,vip_pass,14.99
351,5904,2026-03-08 22:00:00,coin_pack,19.99
352,5933,2026-03-16 15:00:00,starter_bundle,0.99
353,6021,2026-01-21 22:00:00,vip_pass,14.99
354,6025,2026-02-21 08:00:00,coin_pack,9.99
355,6029,2026-01-30 03:00:00,remove_ads,3.99
356,6052,2026-01-22 19:00:00,coin_pack,19.99
357,6060,2026-02-26 00:00:00,remove_ads,3.99
358,6066,2026-01-30 04:00:00,remove_ads,3.99
359,6069,2026-01-31 05:00:00,coin_pack,19.99
360,6073,2026-01-25 21:00:00,vip_pass,14.99
361,6082,2026-01-25 10:00:00,starter_bundle,0.99
362,6108,2026-02-06 15:00:00,coin_pack,9.99
363,6108,2026-02-12 21:00:00,coin_pack,4.99
364,6117,2026-01-27 23:00:00,coin_pack,4.99
365,6122,2026-01-21 06:00:00,coin_pack,4.99
366,6133,2026-01-23 18:00:00,coin_pack,9.99
367,6135,2026-02-03 20:00:00,coin_pack,4.99
368,6136,2026-02-19 20:00:00,starter_bundle,0.99
369,6185,2026-01-27 01:00:00,coin_pack,19.99
370,6196,2026-04-01 02:00:00,coin_pack,4.99
371,6203,2026-01-26 00:00:00,coin_pack,9.99
372,6295,2026-01-27 09:00:00,vip_pass,14.99
373,6331,2026-02-28 14:00:00,coin_pack,4.99
374,6363,2026-01-23 23:00:00,vip_pass,14.99
375,6364,2026-01-26 15:00:00,coin_pack,9.99
376,6398,2026-01-24 01:00:00,coin_pack,19.99
377,6398,2026-02-05 21:00:00,coin_pack,19.99
378,6398,2026-02-17 22:00:00,vip_pass,14.99
379,6400,2026-02-22 16:00:00,coin_pack,9.99
380,6403,2026-01-27 22:00:00,vip_pass,14.99
381,6404,2026-01-27 00:00:00,remove_ads,3.99
382,6419,2026-02-27 19:00:00,coin_pack,9.99
383,6435,2026-01-23 03:00:00,coin_pack,19.99
384,6447,2026-02-09 19:00:00,coin_pack,9.99
385,6453,2026-01-25 09:00:00,starter_bundle,0.99
386,6463,2026-01-30 19:00:00,coin_pack,9.99
387,6519,2026-02-19 16:00:00,coin_pack,19.99
388,6597,2026-01-24 08:00:00,starter_bundle,0.99
389,6605,2026-02-01 21:00:00,starter_bundle,0.99
390,6610,2026-01-25 09:00:00,starter_bundle,0.99
391,6621,2026-02-05 12:00:00,starter_bundle,0.99
392,6632,2026-02-09 07:00:00,starter_bundle,0.99
393,6654,2026-01-23 00:00:00,coin_pack,4.99
394,6666,2026-01-30 10:00:00,coin_pack,9.99
395,6672,2026-01-24 05:00:00,starter_bundle,0.99
396,6677,2026-02-20 23:00:00,starter_bundle,0.99
397,6684,2026-02-25 03:00:00,starter_bundle,0.99
398,6687,2026-01-27 05:00:00,coin_pack,19.99
399,6696,2026-01-24 11:00:00,starter_bundle,0.99
400,6715,2026-01-25 14:00:00,coin_pack,19.99
401,6717,2026-01-23 20:00:00,remove_ads,3.99
402,6763,2026-01-31 01:00:00,coin_pack,9.99
403,6771,2026-01-29 00:00:00,coin_pack,19.99
404,6816,2026-02-05 12:00:00,coin_pack,4.99
405,6859,2026-02-12 11:00:00,coin_pack,4.99
406,6880,2026-03-18 19:00:00,coin_pack,4.99
407,6881,2026-02-18 23:00:00,vip_pass,14.99
408,6883,2026-01-27 15:00:00,starter_bundle,0.99
409,6904,2026-02-07 08:00:00,coin_pack,19.99
410,6905,2026-01-24 05:00:00,remove_ads,3.99
411,6913,2026-01-25 07:00:00,coin_pack,19.99
412,6918,2026-02-23 04:00:00,coin_pack,9.99
413,6940,2026-02-02 21:00:00,remove_ads,3.99
414,6943,2026-03-20 02:00:00,remove_ads,3.99
415,6945,2026-01-28 19:00:00,remove_ads,3.99
416,6949,2026-02-02 22:00:00,coin_pack,19.99
417,6977,2026-01-31 20:00:00,starter_bundle,0.99
418,6983,2026-02-19 14:00:00,coin_pack,19.99
419,6988,2026-01-25 09:00:00,coin_pack,19.99
420,6993,2026-01-30 00:00:00,coin_pack,4.99
421,6994,2026-01-25 20:00:00,coin_pack,9.99
422,7001,2026-01-27 09:00:00,vip_pass,14.99
423,7044,2026-03-24 00:00:00,starter_bundle,0.99
424,7091,2026-02-01 13:00:00,coin_pack,9.99
425,7139,2026-02-24 12:00:00,coin_pack,4.99
426,7176,2026-01-29 16:00:00,coin_pack,9.99
427,7180,2026-02-08 22:00:00,coin_pack,9.99
428,7189,2026-01-25 04:00:00,coin_pack,9.99
429,7196,2026-02-20 17:00:00,starter_bundle,0.99
430,7217,2026-02-05 12:00:00,coin_pack,19.99
431,7241,2026-03-24 17:00:00,starter_bundle,0.99
432,7247,2026-02-06 18:00:00,remove_ads,3.99
433,7247,2026-02-16 06:00:00,coin_pack,9.99
434,7250,2026-01-25 12:00:00,remove_ads,3.99
435,7250,2026-01-27 04:00:00,coin_pack,9.99
436,7252,2026-01-31 11:00:00,remove_ads,3.99
437,7276,2026-04-14 07:00:00,coin_pack,19.99
438,7291,2026-01-26 15:00:00,vip_pass,14.99
439,7292,2026-02-02 08:00:00,starter_bundle,0.99
440,7300,2026-02-18 14:00:00,coin_pack,9.99
441,7305,2026-01-30 19:00:00,remove_ads,3.99
442,7339,2026-01-31 06:00:00,vip_pass,14.99
443,7342,2026-02-03 10:00:00,remove_ads,3.99
444,7448,2026-01-31 01:00:00,remove_ads,3.99
445,7478,2026-02-05 10:00:00,coin_pack,9.99
446,7514,2026-01-30 10:00:00,remove_ads,3.99
447,7523,2026-02-07 06:00:00,vip_pass,14.99
448,7549,2026-03-01 21:00:00,vip_pass,14.99
449,7595,2026-01-26 13:00:00,coin_pack,4.99
450,7617,2026-03-24 04:00:00,starter_bundle,0.99
451,7623,2026-02-19 14:00:00,coin_pack,9.99
452,7625,2026-02-25 14:00:00,coin_pack,9.99
453,7699,2026-04-20 21:00:00,coin_pack,4.99
454,7740,2026-01-27 02:00:00,starter_bundle,0.99
455,7752,2026-01-28 18:00:00,vip_pass,14.99
456,7756,2026-04-19 17:00:00,vip_pass,14.99
457,7761,2026-02-13 12:00:00,starter_bundle,0.99
458,7762,2026-02-04 16:00:00,starter_bundle,0.99
459,7766,2026-02-02 17:00:00,vip_pass,14.99
460,7771,2026-01-27 16:00:00,coin_pack,4.99
461,7799,2026-02-12 00:00:00,coin_pack,19.99
462,7821,2026-01-30 11:00:00,coin_pack,4.99
463,7828,2026-02-11 07:00:00,vip_pass,14.99
464,7835,2026-02-22 22:00:00,coin_pack,19.99
465,7847,2026-02-11 09:00:00,coin_pack,19.99
466,7851,2026-02-01 11:00:00,coin_pack,9.99
467,7879,2026-02-10 23:00:00,vip_pass,14.99
468,7892,2026-01-27 17:00:00,vip_pass,14.99
469,7894,2026-01-30 09:00:00,starter_bundle,0.99
470,7895,2026-02-21 00:00:00,coin_pack,19.99
471,7924,2026-02-05 04:00:00,coin_pack,19.99
472,7936,2026-02-15 19:00:00,starter_bundle,0.99
473,7961,2026-02-20 20:00:00,vip_pass,14.99
474,7982,2026-02-01 20:00:00,coin_pack,9.99
475,8001,2026-03-16 12:00:00,starter_bundle,0.99
476,8050,2026-02-05 14:00:00,coin_pack,4.99
477,8061,2026-02-04 05:00:00,coin_pack,4.99
478,8062,2026-02-02 16:00:00,coin_pack,19.99
479,8072,2026-02-03 12:00:00,coin_pack,9.99
480,8083,2026-02-07 07:00:00,coin_pack,4.99
481,8091,2026-01-28 18:00:00,remove_ads,3.99
482,8092,2026-02-03 04:00:00,coin_pack,4.99
483,8112,2026-02-06 11:00:00,coin_pack,9.99
484,8132,2026-02-07 21:00:00,coin_pack,19.99
485,8136,2026-04-15 21:00:00,coin_pack,19.99
486,8140,2026-01-29 08:00:00,coin_pack,9.99
487,8164,2026-01-29 04:00:00,coin_pack,9.99
488,8185,2026-03-01 17:00:00,starter_bundle,0.99
489,8186,2026-02-03 01:00:00,vip_pass,14.99
490,8192,2026-02-15 12:00:00,starter_bundle,0.99
491,8232,2026-02-12 04:00:00,starter_bundle,0.99
492,8252,2026-02-14 00:00:00,coin_pack,4.99
493,8253,2026-02-05 07:00:00,coin_pack,9.99
494,8254,2026-01-30 06:00:00,coin_pack,4.99
495,8271,2026-02-07 02:00:00,remove_ads,3.99
496,8312,2026-04-18 15:00:00,vip_pass,14.99
497,8368,2026-02-18 00:00:00,remove_ads,3.99
498,8380,2026-03-12 12:00:00,starter_bundle,0.99
499,8381,2026-02-06 03:00:00,coin_pack,9.99
500,8415,2026-02-15 12:00:00,remove_ads,3.99
501,8423,2026-02-15 06:00:00,coin_pack,19.99
502,8431,2026-02-02 11:00:00,remove_ads,3.99
503,8442,2026-01-31 15:00:00,starter_bundle,0.99
504,8457,2026-02-15 04:00:00,coin_pack,9.99
505,8458,2026-01-31 13:00:00,vip_pass,14.99
506,8462,2026-02-01 21:00:00,coin_pack,4.99
507,8485,2026-02-16 10:00:00,coin_pack,4.99
508,8540,2026-02-18 09:00:00,remove_ads,3.99
509,8651,2026-03-03 06:00:00,starter_bundle,0.99
510,8676,2026-02-06 09:00:00,coin_pack,4.99
511,8714,2026-02-06 08:00:00,starter_bundle,0.99
512,8723,2026-02-01 22:00:00,coin_pack,9.99
513,8735,2026-02-23 18:00:00,coin_pack,4.99
514,8736,2026-02-03 09:00:00,starter_bundle,0.99
515,8744,2026-02-12 04:00:00,vip_pass,14.99
516,8767,2026-02-14 02:00:00,vip_pass,14.99
517,8768,2026-02-10 14:00:00,vip_pass,14.99
518,8777,2026-02-04 22:00:00,starter_bundle,0.99
519,8835,2026-02-02 11:00:00,vip_pass,14.99
520,8911,2026-01-31 16:00:00,coin_pack,19.99
521,8915,2026-01-31 18:00:00,remove_ads,3.99
522,8956,2026-02-03 16:00:00,remove_ads,3.99
523,8963,2026-04-24 00:00:00,coin_pack,4.99
524,8966,2026-02-05 07:00:00,coin_pack,19.99
525,8980,2026-02-01 02:00:00,vip_pass,14.99
526,9017,2026-03-08 09:00:00,vip_pass,14.99
527,9026,2026-03-14 00:00:00,starter_bundle,0.99
528,9028,2026-02-07 20:00:00,coin_pack,19.99
529,9029,2026-02-09 12:00:00,starter_bundle,0.99
530,9031,2026-02-06 11:00:00,coin_pack,19.99
531,9032,2026-02-05 06:00:00,coin_pack,4.99
532,9037,2026-02-07 13:00:00,coin_pack,4.99
533,9094,2026-02-04 18:00:00,remove_ads,3.99
534,9138,2026-02-07 09:00:00,coin_pack,19.99
535,9154,2026-02-03 10:00:00,coin_pack,4.99
536,9161,2026-02-25 05:00:00,vip_pass,14.99
537,9175,2026-02-21 18:00:00,coin_pack,9.99
538,9205,2026-02-12 16:00:00,starter_bundle,0.99
539,9231,2026-02-02 14:00:00,remove_ads,3.99
540,9237,2026-02-03 12:00:00,coin_pack,9.99
541,9259,2026-02-11 22:00:00,coin_pack,19.99
542,9285,2026-02-05 14:00:00,coin_pack,9.99
543,9298,2026-02-07 14:00:00,starter_bundle,0.99
544,9302,2026-02-17 01:00:00,remove_ads,3.99
545,9309,2026-02-09 08:00:00,remove_ads,3.99
546,9310,2026-02-11 21:00:00,coin_pack,4.99
547,9321,2026-02-05 08:00:00,coin_pack,4.99
548,9321,2026-02-24 07:00:00,remove_ads,3.99
549,9326,2026-03-13 01:00:00,remove_ads,3.99
550,9337,2026-04-29 21:00:00,coin_pack,19.99
551,9339,2026-02-15 17:00:00,coin_pack,4.99
552,9354,2026-02-16 03:00:00,remove_ads,3.99
553,9360,2026-02-09 05:00:00,coin_pack,4.99
554,9366,2026-02-15 08:00:00,starter_bundle,0.99
555,9419,2026-02-08 18:00:00,coin_pack,9.99
556,9452,2026-02-07 20:00:00,vip_pass,14.99
557,9474,2026-02-07 23:00:00,starter_bundle,0.99
558,9496,2026-02-07 22:00:00,coin_pack,19.99
559,9496,2026-02-10 16:00:00,remove_ads,3.99
560,9498,2026-03-06 10:00:00,coin_pack,19.99
561,9502,2026-03-12 08:00:00,coin_pack,19.99
562,9525,2026-03-02 07:00:00,vip_pass,14.99
563,9528,2026-04-13 14:00:00,coin_pack,4.99
564,9565,2026-02-04 08:00:00,starter_bundle,0.99
565,9568,2026-02-04 12:00:00,remove_ads,3.99
566,9581,2026-02-08 15:00:00,starter_bundle,0.99
567,9589,2026-02-02 07:00:00,vip_pass,14.99
568,9590,2026-02-09 07:00:00,vip_pass,14.99
569,9602,2026-02-16 08:00:00,remove_ads,3.99
570,9610,2026-02-03 01:00:00,vip_pass,14.99
571,9615,2026-02-24 09:00:00,starter_bundle,0.99
572,9628,2026-02-18 19:00:00,coin_pack,4.99
573,9716,2026-02-10 12:00:00,starter_bundle,0.99
574,9762,2026-04-13 08:00:00,coin_pack,9.99
575,9798,2026-03-05 08:00:00,coin_pack,4.99
576,9806,2026-02-05 13:00:00,coin_pack,19.99
577,9817,2026-02-17 12:00:00,remove_ads,3.99
578,9841,2026-02-18 07:00:00,starter_bundle,0.99
579,9847,2026-02-26 23:00:00,vip_pass,14.99
580,9867,2026-03-04 00:00:00,remove_ads,3.99
581,9870,2026-02-04 06:00:00,coin_pack,9.99
582,9875,2026-02-20 18:00:00,coin_pack,9.99
583,9892,2026-03-19 10:00:00,starter_bundle,0.99
584,9894,2026-02-10 03:00:00,coin_pack,9.99
585,9895,2026-02-05 02:00:00,coin_pack,9.99
586,9908,2026-02-18 09:00:00,coin_pack,9.99
587,9920,2026-02-03 15:00:00,coin_pack,19.99
588,9923,2026-02-19 12:00:00,coin_pack,9.99
589,9927,2026-03-01 12:00:00,vip_pass,14.99
590,9930,2026-04-07 03:00:00,vip_pass,14.99
591,9967,2026-02-12 11:00:00,coin_pack,19.99
592,9982,2026-02-04 03:00:00,vip_pass,14.99
593,10002,2026-02-24 07:00:00,remove_ads,3.99
594,10006,2026-02-06 16:00:00,vip_pass,14.99
595,10060,2026-02-08 17:00:00,coin_pack,4.99
596,10069,2026-03-18 08:00:00,vip_pass,14.99
597,10078,2026-02-04 05:00:00,starter_bundle,0.99
598,10084,2026-02-13 17:00:00,vip_pass,14.99
599,10084,2026-02-23 14:00:00,coin_pack,9.99
600,10090,2026-02-10 15:00:00,coin_pack,19.99
601,10093,2026-02-11 20:00:00,coin_pack,4.99
602,10102,2026-02-27 17:00:00,vip_pass,14.99
603,10104,2026-02-09 22:00:00,coin_pack,19.99
604,10111,2026-02-24 14:00:00,remove_ads,3.99
605,10125,2026-03-09 19:00:00,vip_pass,14.99
606,10137,2026-02-08 05:00:00,remove_ads,3.99
607,10142,2026-02-11 07:00:00,coin_pack,9.99
608,10145,2026-03-09 01:00:00,remove_ads,3.99
609,10146,2026-02-26 09:00:00,coin_pack,9.99
610,10154,2026-02-07 17:00:00,starter_bundle,0.99
611,10157,2026-02-08 15:00:00,coin_pack,4.99
612,10169,2026-03-18 05:00:00,remove_ads,3.99
613,10171,2026-02-11 22:00:00,vip_pass,14.99
614,10180,2026-03-09 15:00:00,remove_ads,3.99
615,10190,2026-02-20 05:00:00,vip_pass,14.99
616,10198,2026-02-24 05:00:00,coin_pack,4.99
617,10242,2026-03-06 06:00:00,coin_pack,9.99
618,10268,2026-02-06 13:00:00,starter_bundle,0.99
619,10317,2026-02-09 02:00:00,starter_bundle,0.99
620,10323,2026-02-25 03:00:00,coin_pack,4.99
621,10380,2026-02-17 15:00:00,starter_bundle,0.99
622,10403,2026-02-06 12:00:00,coin_pack,9.99
623,10405,2026-03-26 05:00:00,coin_pack,4.99
624,10406,2026-02-09 16:00:00,starter_bundle,0.99
625,10424,2026-02-16 20:00:00,remove_ads,3.99
626,10429,2026-02-05 11:00:00,vip_pass,14.99
627,10430,2026-02-12 07:00:00,vip_pass,14.99
628,10454,2026-03-05 00:00:00,remove_ads,3.99
629,10466,2026-02-26 16:00:00,coin_pack,9.99
630,10492,2026-02-15 03:00:00,coin_pack,9.99
631,10495,2026-02-08 07:00:00,starter_bundle,0.99
632,10561,2026-02-19 18:00:00,coin_pack,9.99
633,10563,2026-02-12 07:00:00,vip_pass,14.99
634,10564,2026-02-08 21:00:00,starter_bundle,0.99
635,10638,2026-02-17 05:00:00,coin_pack,19.99
636,10642,2026-02-10 18:00:00,coin_pack,4.99
637,10690,2026-02-09 05:00:00,remove_ads,3.99
638,10715,2026-02-17 12:00:00,remove_ads,3.99
639,10725,2026-02-09 13:00:00,vip_pass,14.99
640,10726,2026-02-09 23:00:00,remove_ads,3.99
641,10727,2026-02-25 03:00:00,coin_pack,4.99
642,10728,2026-03-19 02:00:00,coin_pack,19.99
643,10734,2026-02-17 16:00:00,coin_pack,9.99
644,10739,2026-03-14 09:00:00,vip_pass,14.99
645,10744,2026-02-16 11:00:00,coin_pack,4.99
646,10774,2026-02-08 15:00:00,vip_pass,14.99
647,10793,2026-02-21 13:00:00,starter_bundle,0.99
648,10809,2026-02-19 16:00:00,starter_bundle,0.99
649,10810,2026-02-12 21:00:00,vip_pass,14.99
650,10836,2026-02-08 08:00:00,starter_bundle,0.99
651,10842,2026-02-07 21:00:00,vip_pass,14.99
652,10852,2026-03-03 20:00:00,coin_pack,9.99
653,10857,2026-04-27 06:00:00,remove_ads,3.99
654,10869,2026-02-22 08:00:00,coin_pack,19.99
655,10890,2026-03-27 10:00:00,starter_bundle,0.99
656,10936,2026-02-17 00:00:00,coin_pack,4.99
657,10991,2026-02-11 10:00:00,vip_pass,14.99
658,10992,2026-03-02 16:00:00,starter_bundle,0.99
659,10995,2026-02-07 07:00:00,remove_ads,3.99
660,11001,2026-04-02 10:00:00,coin_pack,4.99
661,11025,2026-02-17 10:00:00,starter_bundle,0.99
662,11027,2026-02-18 03:00:00,coin_pack,4.99
663,11060,2026-02-17 16:00:00,remove_ads,3.99
664,11099,2026-02-28 03:00:00,coin_pack,4.99
665,11100,2026-02-08 23:00:00,coin_pack,19.99
666,11108,2026-02-16 09:00:00,remove_ads,3.99
667,11189,2026-03-03 16:00:00,coin_pack,4.99
668,11226,2026-03-06 05:00:00,remove_ads,3.99
669,11267,2026-02-13 20:00:00,starter_bundle,0.99
670,11268,2026-02-12 01:00:00,coin_pack,4.99
671,11270,2026-03-02 14:00:00,coin_pack,4.99
672,11278,2026-02-11 00:00:00,vip_pass,14.99
673,11284,2026-02-12 12:00:00,remove_ads,3.99
674,11293,2026-02-15 11:00:00,coin_pack,9.99
675,11295,2026-03-20 14:00:00,remove_ads,3.99
676,11297,2026-02-15 13:00:00,remove_ads,3.99
677,11307,2026-05-08 12:00:00,coin_pack,19.99
678,11312,2026-03-08 22:00:00,coin_pack,9.99
679,11334,2026-02-09 09:00:00,remove_ads,3.99
680,11355,2026-02-12 08:00:00,remove_ads,3.99
681,11361,2026-02-16 23:00:00,coin_pack,4.99
682,11377,2026-02-09 11:00:00,vip_pass,14.99
683,11384,2026-02-15 00:00:00,coin_pack,4.99
684,11389,2026-02-09 05:00:00,coin_pack,4.99
685,11398,2026-04-13 07:00:00,coin_pack,4.99
686,11399,2026-03-16 03:00:00,coin_pack,4.99
687,11424,2026-02-13 02:00:00,starter_bundle,0.99
688,11446,2026-02-27 16:00:00,coin_pack,4.99
689,11460,2026-02-09 15:00:00,coin_pack,19.99
690,11484,2026-02-20 04:00:00,starter_bundle,0.99
691,11488,2026-04-14 07:00:00,vip_pass,14.99
692,11503,2026-02-09 05:00:00,coin_pack,4.99
693,11512,2026-03-01 09:00:00,starter_bundle,0.99
694,11519,2026-02-16 14:00:00,coin_pack,4.99
695,11534,2026-02-22 06:00:00,vip_pass,14.99
696,11548,2026-03-04 08:00:00,starter_bundle,0.99
697,11558,2026-04-17 21:00:00,coin_pack,4.99
698,11615,2026-02-23 12:00:00,starter_bundle,0.99
699,11630,2026-02-10 04:00:00,remove_ads,3.99
700,11650,2026-02-13 01:00:00,coin_pack,4.99
701,11656,2026-04-14 08:00:00,coin_pack,19.99
702,11771,2026-02-10 14:00:00,starter_bundle,0.99
703,11780,2026-02-14 03:00:00,vip_pass,14.99
704,11782,2026-02-16 17:00:00,vip_pass,14.99
705,11806,2026-04-02 00:00:00,coin_pack,19.99
706,11817,2026-03-20 17:00:00,remove_ads,3.99
707,11824,2026-02-24 16:00:00,vip_pass,14.99
708,11846,2026-02-18 07:00:00,remove_ads,3.99
709,11854,2026-02-11 02:00:00,vip_pass,14.99
710,11855,2026-02-20 21:00:00,remove_ads,3.99
711,11871,2026-02-10 14:00:00,starter_bundle,0.99
712,11875,2026-03-10 14:00:00,starter_bundle,0.99
713,11891,2026-02-15 07:00:00,coin_pack,19.99
714,11949,2026-02-18 18:00:00,remove_ads,3.99
715,11963,2026-02-11 04:00:00,vip_pass,14.99
716,11972,2026-02-20 14:00:00,remove_ads,3.99
717,12004,2026-02-24 22:00:00,starter_bundle,0.99
718,12047,2026-03-21 22:00:00,vip_pass,14.99
719,12050,2026-02-15 19:00:00,remove_ads,3.99
720,12081,2026-02-15 01:00:00,coin_pack,19.99
721,12088,2026-02-23 18:00:00,coin_pack,4.99
722,12097,2026-03-13 06:00:00,coin_pack,4.99
723,12115,2026-02-15 13:00:00,remove_ads,3.99
724,12125,2026-04-10 14:00:00,coin_pack,4.99
725,12149,2026-02-18 09:00:00,remove_ads,3.99
726,12153,2026-02-20 16:00:00,coin_pack,19.99
727,12158,2026-03-05 09:00:00,coin_pack,9.99
728,12162,2026-02-19 21:00:00,remove_ads,3.99
729,12224,2026-02-23 01:00:00,coin_pack,19.99
730,12230,2026-02-16 18:00:00,coin_pack,9.99
731,12234,2026-02-18 23:00:00,vip_pass,14.99
732,12274,2026-02-14 18:00:00,remove_ads,3.99
733,12307,2026-03-04 00:00:00,coin_pack,19.99
734,12308,2026-03-27 06:00:00,coin_pack,4.99
735,12339,2026-03-17 03:00:00,starter_bundle,0.99
736,12364,2026-02-25 10:00:00,starter_bundle,0.99
737,12365,2026-02-15 05:00:00,coin_pack,4.99
738,12376,2026-02-12 08:00:00,vip_pass,14.99
739,12379,2026-02-15 02:00:00,coin_pack,9.99
740,12384,2026-02-17 00:00:00,coin_pack,19.99
741,12385,2026-02-24 19:00:00,coin_pack,4.99
742,12396,2026-02-15 05:00:00,coin_pack,19.99
743,12421,2026-02-15 13:00:00,starter_bundle,0.99
744,12446,2026-03-20 02:00:00,remove_ads,3.99
745,12448,2026-02-12 16:00:00,starter_bundle,0.99
746,12449,2026-02-18 05:00:00,starter_bundle,0.99
747,12450,2026-02-12 22:00:00,starter_bundle,0.99
748,12450,2026-04-07 20:00:00,remove_ads,3.99
749,12462,2026-02-20 13:00:00,vip_pass,14.99
750,12465,2026-02-12 03:00:00,vip_pass,14.99
751,12467,2026-03-13 18:00:00,vip_pass,14.99
752,12476,2026-02-19 17:00:00,starter_bundle,0.99
753,12492,2026-02-20 20:00:00,coin_pack,4.99
754,12597,2026-02-14 21:00:00,starter_bundle,0.99
755,12600,2026-04-03 23:00:00,starter_bundle,0.99
756,12629,2026-02-14 08:00:00,coin_pack,4.99
757,12636,2026-02-20 05:00:00,coin_pack,4.99
758,12646,2026-02-27 09:00:00,coin_pack,9.99
759,12655,2026-04-01 11:00:00,coin_pack,9.99
760,12664,2026-02-22 07:00:00,coin_pack,9.99
761,12665,2026-02-20 18:00:00,remove_ads,3.99
762,12683,2026-02-21 01:00:00,coin_pack,9.99
763,12718,2026-02-14 16:00:00,coin_pack,19.99
764,12719,2026-05-09 23:00:00,starter_bundle,0.99
765,12727,2026-03-24 16:00:00,coin_pack,19.99
766,12729,2026-03-03 17:00:00,coin_pack,9.99
767,12733,2026-03-06 08:00:00,starter_bundle,0.99
768,12734,2026-02-14 12:00:00,vip_pass,14.99
769,12738,2026-02-20 05:00:00,remove_ads,3.99
770,12740,2026-02-13 16:00:00,starter_bundle,0.99
771,12745,2026-02-16 09:00:00,coin_pack,4.99
772,12746,2026-02-22 06:00:00,starter_bundle,0.99
773,12752,2026-03-02 19:00:00,starter_bundle,0.99
774,12775,2026-02-25 04:00:00,starter_bundle,0.99
775,12777,2026-02-15 00:00:00,vip_pass,14.99
776,12787,2026-02-16 03:00:00,starter_bundle,0.99
777,12802,2026-03-07 16:00:00,remove_ads,3.99
778,12871,2026-03-12 22:00:00,coin_pack,4.99
779,12901,2026-02-19 12:00:00,remove_ads,3.99
780,12927,2026-03-26 03:00:00,starter_bundle,0.99
781,12936,2026-03-23 17:00:00,coin_pack,4.99
782,12954,2026-02-15 18:00:00,remove_ads,3.99
783,12957,2026-04-13 16:00:00,coin_pack,4.99
784,12962,2026-02-27 09:00:00,coin_pack,19.99
785,12979,2026-02-19 06:00:00,starter_bundle,0.99
786,12979,2026-04-24 04:00:00,coin_pack,19.99
787,12988,2026-02-20 15:00:00,starter_bundle,0.99
788,13012,2026-02-21 02:00:00,coin_pack,19.99
789,13044,2026-04-03 05:00:00,remove_ads,3.99
790,13058,2026-02-22 22:00:00,remove_ads,3.99
791,13070,2026-02-25 17:00:00,coin_pack,4.99
792,13075,2026-02-15 00:00:00,remove_ads,3.99
793,13082,2026-02-18 00:00:00,coin_pack,9.99
794,13092,2026-02-24 15:00:00,coin_pack,9.99
795,13129,2026-02-25 18:00:00,starter_bundle,0.99
796,13190,2026-02-28 03:00:00,starter_bundle,0.99
797,13238,2026-04-19 02:00:00,starter_bundle,0.99
798,13249,2026-03-07 15:00:00,coin_pack,19.99
799,13254,2026-04-03 19:00:00,starter_bundle,0.99
800,13258,2026-02-18 06:00:00,coin_pack,9.99
801,13286,2026-02-18 08:00:00,remove_ads,3.99
802,13286,2026-02-25 19:00:00,starter_bundle,0.99
803,13302,2026-02-19 12:00:00,coin_pack,9.99
804,13309,2026-02-15 06:00:00,starter_bundle,0.99
805,13330,2026-02-18 08:00:00,starter_bundle,0.99
806,13330,2026-02-25 14:00:00,coin_pack,4.99
807,13343,2026-04-25 19:00:00,starter_bundle,0.99
808,13353,2026-02-18 00:00:00,coin_pack,4.99
809,13358,2026-02-15 13:00:00,coin_pack,9.99
810,13361,2026-04-28 03:00:00,vip_pass,14.99
811,13363,2026-04-01 04:00:00,coin_pack,9.99
812,13372,2026-02-18 00:00:00,vip_pass,14.99
813,13425,2026-04-21 01:00:00,starter_bundle,0.99
814,13440,2026-03-07 20:00:00,remove_ads,3.99
815,13476,2026-02-24 23:00:00,coin_pack,19.99
816,13540,2026-02-25 10:00:00,starter_bundle,0.99
817,13550,2026-02-22 18:00:00,coin_pack,4.99
818,13551,2026-02-21 18:00:00,starter_bundle,0.99
819,13553,2026-02-18 15:00:00,coin_pack,4.99
820,13608,2026-04-17 22:00:00,coin_pack,9.99
821,13621,2026-02-19 01:00:00,starter_bundle,0.99
822,13632,2026-02-18 08:00:00,coin_pack,9.99
823,13633,2026-02-16 08:00:00,starter_bundle,0.99
824,13636,2026-03-06 16:00:00,remove_ads,3.99
825,13642,2026-03-20 02:00:00,coin_pack,19.99
826,13652,2026-02-17 23:00:00,starter_bundle,0.99
827,13658,2026-02-19 12:00:00,remove_ads,3.99
828,13662,2026-03-02 06:00:00,starter_bundle,0.99
829,13763,2026-02-21 17:00:00,vip_pass,14.99
830,13800,2026-02-19 22:00:00,coin_pack,9.99
831,13801,2026-02-22 06:00:00,starter_bundle,0.99
832,13814,2026-02-23 08:00:00,coin_pack,19.99
833,13843,2026-02-28 20:00:00,coin_pack,4.99
834,13844,2026-02-23 22:00:00,coin_pack,9.99
835,13885,2026-03-01 04:00:00,starter_bundle,0.99
836,13924,2026-02-19 20:00:00,remove_ads,3.99
837,13950,2026-03-03 10:00:00,starter_bundle,0.99
838,14019,2026-02-23 05:00:00,coin_pack,19.99
839,14074,2026-02-28 14:00:00,remove_ads,3.99
840,14079,2026-02-18 03:00:00,coin_pack,19.99
841,14081,2026-03-17 10:00:00,starter_bundle,0.99
842,14089,2026-03-01 20:00:00,remove_ads,3.99
843,14095,2026-02-19 04:00:00,coin_pack,9.99
844,14096,2026-02-22 12:00:00,remove_ads,3.99
845,14114,2026-02-28 21:00:00,vip_pass,14.99
846,14117,2026-02-23 05:00:00,starter_bundle,0.99
847,14118,2026-02-25 22:00:00,coin_pack,9.99
848,14122,2026-03-10 15:00:00,coin_pack,9.99
849,14129,2026-02-22 18:00:00,starter_bundle,0.99
850,14130,2026-05-06 13:00:00,coin_pack,9.99
851,14148,2026-02-21 17:00:00,starter_bundle,0.99
852,14149,2026-02-27 23:00:00,starter_bundle,0.99
853,14161,2026-03-18 03:00:00,vip_pass,14.99
854,14188,2026-02-27 12:00:00,coin_pack,4.99
855,14189,2026-05-02 20:00:00,vip_pass,14.99
856,14236,2026-02-28 17:00:00,coin_pack,9.99
857,14252,2026-03-24 10:00:00,vip_pass,14.99
858,14254,2026-03-20 12:00:00,coin_pack,9.99
859,14297,2026-03-10 03:00:00,vip_pass,14.99
860,14312,2026-03-09 12:00:00,coin_pack,19.99
861,14313,2026-03-01 09:00:00,vip_pass,14.99
862,14328,2026-02-20 19:00:00,remove_ads,3.99
863,14344,2026-04-29 17:00:00,coin_pack,19.99
864,14349,2026-03-17 14:00:00,vip_pass,14.99
865,14367,2026-02-20 06:00:00,vip_pass,14.99
866,14369,2026-03-07 22:00:00,vip_pass,14.99
867,14383,2026-02-24 05:00:00,coin_pack,4.99
868,14391,2026-02-23 14:00:00,coin_pack,4.99
869,14392,2026-03-30 20:00:00,starter_bundle,0.99
870,14411,2026-02-28 12:00:00,starter_bundle,0.99
871,14427,2026-02-23 15:00:00,coin_pack,4.99
872,14427,2026-02-28 14:00:00,starter_bundle,0.99
873,14430,2026-02-22 09:00:00,remove_ads,3.99
874,14444,2026-03-01 00:00:00,starter_bundle,0.99
875,14449,2026-03-03 17:00:00,vip_pass,14.99
876,14454,2026-02-25 09:00:00,coin_pack,4.99
877,14512,2026-02-22 02:00:00,starter_bundle,0.99
878,14535,2026-03-01 03:00:00,vip_pass,14.99
879,14575,2026-02-20 10:00:00,starter_bundle,0.99
880,14625,2026-03-03 09:00:00,coin_pack,9.99
881,14627,2026-02-25 19:00:00,remove_ads,3.99
882,14637,2026-02-27 00:00:00,starter_bundle,0.99
883,14645,2026-04-26 12:00:00,vip_pass,14.99
884,14645,2026-05-16 21:00:00,coin_pack,9.99
885,14651,2026-02-20 01:00:00,starter_bundle,0.99
886,14676,2026-02-22 15:00:00,starter_bundle,0.99
887,14684,2026-02-24 23:00:00,coin_pack,9.99
888,14717,2026-03-09 13:00:00,coin_pack,4.99
889,14720,2026-02-23 18:00:00,vip_pass,14.99
890,14750,2026-03-01 10:00:00,starter_bundle,0.99
891,14768,2026-02-21 18:00:00,starter_bundle,0.99
892,14794,2026-03-01 06:00:00,coin_pack,19.99
893,14867,2026-02-23 15:00:00,remove_ads,3.99
894,14876,2026-02-28 02:00:00,coin_pack,19.99
895,14883,2026-05-18 15:00:00,coin_pack,19.99
896,14913,2026-02-21 00:00:00,coin_pack,19.99
897,14936,2026-04-10 12:00:00,coin_pack,4.99
898,14949,2026-02-24 01:00:00,coin_pack,9.99
899,14949,2026-02-25 20:00:00,coin_pack,9.99
900,14956,2026-03-02 13:00:00,remove_ads,3.99
901,14957,2026-02-21 18:00:00,vip_pass,14.99
902,14957,2026-02-27 07:00:00,starter_bundle,0.99
903,14958,2026-02-24 11:00:00,coin_pack,19.99
904,14965,2026-02-27 13:00:00,remove_ads,3.99
905,14973,2026-03-02 12:00:00,coin_pack,4.99
906,14978,2026-03-10 15:00:00,starter_bundle,0.99
907,14979,2026-02-24 03:00:00,starter_bundle,0.99
908,14984,2026-03-05 03:00:00,coin_pack,9.99
909,14985,2026-03-30 16:00:00,coin_pack,4.99
910,14998,2026-03-23 08:00:00,coin_pack,19.99
911,15005,2026-03-08 18:00:00,vip_pass,14.99
912,15018,2026-02-21 16:00:00,vip_pass,14.99
913,15021,2026-05-01 09:00:00,starter_bundle,0.99
914,15038,2026-03-02 12:00:00,coin_pack,9.99
915,15039,2026-02-22 13:00:00,coin_pack,19.99
916,15040,2026-03-09 22:00:00,vip_pass,14.99
917,15099,2026-03-21 03:00:00,coin_pack,9.99
918,15127,2026-04-01 17:00:00,starter_bundle,0.99
919,15163,2026-02-24 17:00:00,coin_pack,19.99
920,15215,2026-02-28 06:00:00,coin_pack,4.99
921,15248,2026-04-19 22:00:00,remove_ads,3.99
922,15264,2026-02-22 23:00:00,starter_bundle,0.99
923,15271,2026-03-07 21:00:00,coin_pack,19.99
924,15276,2026-02-24 00:00:00,coin_pack,19.99
925,15301,2026-03-08 05:00:00,vip_pass,14.99
926,15317,2026-03-06 15:00:00,coin_pack,4.99
927,15327,2026-02-28 11:00:00,starter_bundle,0.99
928,15328,2026-03-15 23:00:00,coin_pack,9.99
929,15390,2026-03-01 12:00:00,remove_ads,3.99
930,15400,2026-02-26 22:00:00,coin_pack,19.99
931,15408,2026-02-27 03:00:00,coin_pack,19.99
932,15409,2026-03-06 03:00:00,starter_bundle,0.99
933,15472,2026-02-27 17:00:00,coin_pack,9.99
934,15476,2026-03-08 14:00:00,starter_bundle,0.99
935,15494,2026-03-10 02:00:00,vip_pass,14.99
936,15508,2026-05-22 13:00:00,vip_pass,14.99
937,15521,2026-03-07 23:00:00,coin_pack,19.99
938,15542,2026-03-06 05:00:00,starter_bundle,0.99
939,15559,2026-03-05 01:00:00,coin_pack,9.99
940,15564,2026-02-25 08:00:00,coin_pack,4.99
941,15565,2026-04-04 14:00:00,coin_pack,4.99
942,15571,2026-03-13 13:00:00,coin_pack,9.99
943,15614,2026-03-12 02:00:00,starter_bundle,0.99
944,15634,2026-05-15 14:00:00,remove_ads,3.99
945,15637,2026-03-01 01:00:00,coin_pack,4.99
946,15669,2026-05-21 06:00:00,coin_pack,4.99
947,15696,2026-03-06 19:00:00,coin_pack,19.99
948,15698,2026-03-03 00:00:00,remove_ads,3.99
949,15746,2026-03-09 01:00:00,coin_pack,4.99
950,15804,2026-03-22 16:00:00,coin_pack,9.99
951,15816,2026-02-24 23:00:00,starter_bundle,0.99
952,15821,2026-02-28 13:00:00,coin_pack,9.99
953,15844,2026-03-09 14:00:00,vip_pass,14.99
954,15848,2026-03-09 01:00:00,starter_bundle,0.99
955,15851,2026-03-26 04:00:00,coin_pack,9.99
956,15854,2026-02-27 00:00:00,starter_bundle,0.99
957,15863,2026-02-27 21:00:00,starter_bundle,0.99
958,15865,2026-04-23 18:00:00,starter_bundle,0.99
959,15868,2026-02-26 11:00:00,starter_bundle,0.99
960,15876,2026-03-08 09:00:00,remove_ads,3.99
961,15902,2026-03-18 13:00:00,starter_bundle,0.99
962,15916,2026-02-24 12:00:00,starter_bundle,0.99
963,15918,2026-03-14 17:00:00,vip_pass,14.99
964,15948,2026-02-25 16:00:00,starter_bundle,0.99
965,15950,2026-03-01 15:00:00,starter_bundle,0.99
966,15959,2026-03-02 01:00:00,starter_bundle,0.99
967,15962,2026-03-05 10:00:00,coin_pack,9.99
968,15967,2026-02-27 03:00:00,coin_pack,9.99
969,15978,2026-03-07 05:00:00,coin_pack,19.99
970,15991,2026-03-04 17:00:00,coin_pack,9.99
971,15991,2026-04-18 02:00:00,vip_pass,14.99
972,16056,2026-03-20 21:00:00,starter_bundle,0.99
973,16100,2026-02-27 12:00:00,remove_ads,3.99
974,16118,2026-03-01 06:00:00,vip_pass,14.99
975,16137,2026-03-02 23:00:00,remove_ads,3.99
976,16138,2026-03-07 20:00:00,vip_pass,14.99
977,16144,2026-03-09 19:00:00,coin_pack,4.99
978,16144,2026-04-11 23:00:00,coin_pack,9.99
979,16155,2026-04-13 16:00:00,remove_ads,3.99
980,16174,2026-02-27 04:00:00,starter_bundle,0.99
981,16186,2026-03-03 18:00:00,remove_ads,3.99
982,16200,2026-03-22 20:00:00,vip_pass,14.99
983,16202,2026-03-08 13:00:00,coin_pack,9.99
984,16208,2026-02-28 18:00:00,coin_pack,9.99
985,16211,2026-03-05 17:00:00,vip_pass,14.99
986,16220,2026-03-05 08:00:00,coin_pack,9.99
987,16221,2026-05-08 02:00:00,starter_bundle,0.99
988,16223,2026-03-11 09:00:00,vip_pass,14.99
989,16228,2026-02-25 20:00:00,coin_pack,4.99
990,16229,2026-03-03 01:00:00,vip_pass,14.99
991,16229,2026-04-06 00:00:00,starter_bundle,0.99
992,16254,2026-05-10 22:00:00,coin_pack,4.99
993,16278,2026-03-11 00:00:00,remove_ads,3.99
994,16383,2026-02-26 05:00:00,vip_pass,14.99
995,16412,2026-03-02 06:00:00,remove_ads,3.99
996,16414,2026-03-02 11:00:00,coin_pack,4.99
997,16421,2026-02-27 20:00:00,vip_pass,14.99
998,16427,2026-02-27 20:00:00,coin_pack,4.99
999,16428,2026-03-11 16:00:00,coin_pack,9.99
1000,16442,2026-02-27 02:00:00,coin_pack,9.99
1001,16444,2026-02-26 08:00:00,coin_pack,4.99
1002,16454,2026-02-27 00:00:00,coin_pack,4.99
1003,16483,2026-02-28 19:00:00,starter_bundle,0.99
1004,16488,2026-04-01 05:00:00,remove_ads,3.99
1005,16506,2026-03-09 04:00:00,coin_pack,19.99
1006,16511,2026-03-29 13:00:00,remove_ads,3.99
1007,16527,2026-04-11 07:00:00,coin_pack,19.99
1008,16542,2026-04-10 08:00:00,starter_bundle,0.99
1009,16544,2026-03-09 04:00:00,starter_bundle,0.99
1010,16561,2026-03-04 09:00:00,remove_ads,3.99
1011,16633,2026-03-10 16:00:00,starter_bundle,0.99
1012,16680,2026-03-02 06:00:00,coin_pack,19.99
1013,16708,2026-03-07 05:00:00,coin_pack,19.99
1014,16721,2026-03-04 23:00:00,starter_bundle,0.99
1015,16724,2026-03-03 15:00:00,coin_pack,9.99
1016,16727,2026-04-14 08:00:00,coin_pack,9.99
1017,16733,2026-03-12 18:00:00,vip_pass,14.99
1018,16739,2026-03-08 17:00:00,coin_pack,4.99
1019,16748,2026-03-03 08:00:00,vip_pass,14.99
1020,16752,2026-03-15 23:00:00,starter_bundle,0.99
1021,16762,2026-03-01 18:00:00,starter_bundle,0.99
1022,16786,2026-03-28 00:00:00,remove_ads,3.99
1023,16788,2026-05-05 14:00:00,vip_pass,14.99
1024,16804,2026-03-07 20:00:00,coin_pack,9.99
1025,16808,2026-02-27 12:00:00,coin_pack,19.99
1026,16808,2026-03-08 13:00:00,coin_pack,9.99
1027,16820,2026-05-07 23:00:00,coin_pack,9.99
1028,16831,2026-03-20 03:00:00,coin_pack,9.99
1029,16832,2026-02-28 22:00:00,vip_pass,14.99
1030,16853,2026-04-26 07:00:00,coin_pack,9.99
1031,16854,2026-03-05 18:00:00,coin_pack,4.99
1032,16862,2026-02-28 16:00:00,coin_pack,19.99
1033,16867,2026-03-22 23:00:00,starter_bundle,0.99
1034,16893,2026-03-07 21:00:00,vip_pass,14.99
1035,16900,2026-03-01 14:00:00,coin_pack,9.99
1036,16949,2026-03-10 10:00:00,coin_pack,9.99
1037,16991,2026-03-26 21:00:00,coin_pack,9.99
1038,16995,2026-03-05 14:00:00,coin_pack,19.99
1039,17007,2026-03-21 16:00:00,coin_pack,4.99
1040,17027,2026-05-25 16:00:00,starter_bundle,0.99
1041,17039,2026-03-03 19:00:00,coin_pack,9.99
1042,17047,2026-03-01 13:00:00,remove_ads,3.99
1043,17059,2026-03-01 09:00:00,remove_ads,3.99
1044,17066,2026-03-04 19:00:00,vip_pass,14.99
1045,17068,2026-03-02 20:00:00,starter_bundle,0.99
1046,17100,2026-03-02 22:00:00,remove_ads,3.99
1047,17115,2026-03-15 12:00:00,coin_pack,4.99
1048,17116,2026-03-24 09:00:00,vip_pass,14.99
1049,17121,2026-03-06 16:00:00,starter_bundle,0.99
1050,17127,2026-03-13 19:00:00,coin_pack,4.99
1051,17137,2026-03-31 19:00:00,coin_pack,19.99
1052,17144,2026-03-01 15:00:00,vip_pass,14.99
1053,17148,2026-03-07 01:00:00,remove_ads,3.99
1054,17154,2026-03-03 17:00:00,coin_pack,19.99
1055,17161,2026-03-15 14:00:00,vip_pass,14.99
1056,17167,2026-03-09 00:00:00,coin_pack,9.99
1057,17181,2026-03-09 20:00:00,remove_ads,3.99
1058,17197,2026-03-08 14:00:00,starter_bundle,0.99
1059,17214,2026-03-05 20:00:00,starter_bundle,0.99
1060,17255,2026-03-25 00:00:00,remove_ads,3.99
1061,17264,2026-04-02 12:00:00,coin_pack,4.99
1062,17271,2026-05-26 01:00:00,starter_bundle,0.99
1063,17299,2026-03-05 04:00:00,starter_bundle,0.99
1064,17329,2026-03-17 17:00:00,coin_pack,9.99
1065,17373,2026-05-24 11:00:00,coin_pack,19.99
1066,17416,2026-03-09 17:00:00,coin_pack,4.99
1067,17427,2026-03-07 06:00:00,remove_ads,3.99
1068,17438,2026-03-04 14:00:00,vip_pass,14.99
1069,17461,2026-03-02 11:00:00,coin_pack,4.99
1070,17467,2026-03-08 19:00:00,remove_ads,3.99
1071,17468,2026-03-04 15:00:00,remove_ads,3.99
1072,17474,2026-03-01 15:00:00,coin_pack,4.99
1073,17484,2026-03-01 05:00:00,vip_pass,14.99
1074,17503,2026-03-22 14:00:00,coin_pack,19.99
1075,17504,2026-03-03 04:00:00,coin_pack,4.99
1076,17518,2026-03-03 14:00:00,coin_pack,19.99
1077,17519,2026-03-09 08:00:00,coin_pack,9.99
1078,17529,2026-03-04 09:00:00,remove_ads,3.99
1079,17550,2026-03-15 20:00:00,coin_pack,19.99
1080,17562,2026-03-03 18:00:00,vip_pass,14.99
1081,17615,2026-03-18 14:00:00,coin_pack,4.99
1082,17685,2026-03-02 09:00:00,vip_pass,14.99
1083,17692,2026-03-03 21:00:00,coin_pack,4.99
1084,17718,2026-03-18 22:00:00,starter_bundle,0.99
1085,17723,2026-04-15 21:00:00,coin_pack,9.99
1086,17724,2026-03-05 17:00:00,starter_bundle,0.99
1087,17727,2026-05-20 08:00:00,starter_bundle,0.99
1088,17747,2026-03-02 03:00:00,starter_bundle,0.99
1089,17758,2026-03-04 05:00:00,vip_pass,14.99
1090,17760,2026-03-03 16:00:00,remove_ads,3.99
1091,17767,2026-03-04 11:00:00,coin_pack,9.99
1092,17828,2026-03-08 15:00:00,coin_pack,4.99
1093,17841,2026-03-29 11:00:00,coin_pack,19.99
1094,17931,2026-03-04 12:00:00,starter_bundle,0.99
1095,17934,2026-03-06 06:00:00,vip_pass,14.99
1096,17949,2026-03-10 13:00:00,starter_bundle,0.99
1097,17950,2026-03-05 23:00:00,coin_pack,4.99
1098,17950,2026-03-10 01:00:00,remove_ads,3.99
1099,17962,2026-03-06 04:00:00,remove_ads,3.99
1100,17970,2026-03-04 18:00:00,coin_pack,9.99
1101,17987,2026-03-17 17:00:00,coin_pack,9.99
1102,17999,2026-03-04 16:00:00,remove_ads,3.99
1103,18034,2026-03-10 06:00:00,vip_pass,14.99
1104,18035,2026-03-06 17:00:00,starter_bundle,0.99
1105,18050,2026-04-10 16:00:00,coin_pack,4.99
1106,18052,2026-03-12 15:00:00,remove_ads,3.99
1107,18074,2026-04-05 11:00:00,coin_pack,19.99
1108,18085,2026-03-06 22:00:00,coin_pack,4.99
1109,18091,2026-03-05 22:00:00,starter_bundle,0.99
1110,18161,2026-03-06 18:00:00,starter_bundle,0.99
1111,18165,2026-03-14 17:00:00,starter_bundle,0.99
1112,18176,2026-03-07 18:00:00,remove_ads,3.99
1113,18242,2026-03-05 22:00:00,starter_bundle,0.99
1114,18245,2026-03-04 21:00:00,coin_pack,19.99
1115,18260,2026-03-12 00:00:00,remove_ads,3.99
1116,18275,2026-03-19 00:00:00,vip_pass,14.99
1117,18287,2026-03-06 15:00:00,coin_pack,19.99
1118,18288,2026-03-29 10:00:00,remove_ads,3.99
1119,18294,2026-03-04 14:00:00,coin_pack,4.99
1120,18304,2026-03-05 07:00:00,vip_pass,14.99
1121,18307,2026-03-19 01:00:00,coin_pack,9.99
1122,18313,2026-03-31 00:00:00,coin_pack,19.99
1123,18325,2026-03-07 06:00:00,coin_pack,19.99
1124,18325,2026-04-07 17:00:00,starter_bundle,0.99
1125,18328,2026-03-10 02:00:00,coin_pack,4.99
1126,18331,2026-04-07 13:00:00,starter_bundle,0.99
1127,18338,2026-03-05 19:00:00,coin_pack,9.99
1128,18357,2026-03-15 23:00:00,coin_pack,9.99
1129,18357,2026-03-16 11:00:00,coin_pack,4.99
1130,18365,2026-04-07 12:00:00,vip_pass,14.99
1131,18366,2026-03-24 07:00:00,coin_pack,4.99
1132,18366,2026-06-01 20:00:00,coin_pack,4.99
1133,18367,2026-03-17 15:00:00,starter_bundle,0.99
1134,18375,2026-03-05 11:00:00,starter_bundle,0.99
1135,18381,2026-04-16 12:00:00,coin_pack,9.99
1136,18385,2026-03-23 09:00:00,coin_pack,4.99
1137,18522,2026-03-26 04:00:00,coin_pack,4.99
1138,18538,2026-04-30 21:00:00,coin_pack,9.99
1139,18545,2026-05-28 15:00:00,starter_bundle,0.99
1140,18548,2026-03-07 06:00:00,remove_ads,3.99
1141,18564,2026-03-07 20:00:00,starter_bundle,0.99
1142,18576,2026-03-22 08:00:00,coin_pack,19.99
1143,18581,2026-03-17 07:00:00,coin_pack,4.99
1144,18593,2026-03-05 09:00:00,remove_ads,3.99
1145,18598,2026-03-14 13:00:00,remove_ads,3.99
1146,18604,2026-03-06 13:00:00,coin_pack,19.99
1147,18606,2026-03-18 05:00:00,coin_pack,4.99
1148,18614,2026-04-24 04:00:00,remove_ads,3.99
1149,18616,2026-03-07 00:00:00,starter_bundle,0.99
1150,18622,2026-03-10 15:00:00,starter_bundle,0.99
1151,18801,2026-03-06 19:00:00,coin_pack,4.99
1152,18809,2026-04-04 12:00:00,starter_bundle,0.99
1153,18811,2026-03-09 17:00:00,vip_pass,14.99
1154,18830,2026-03-07 07:00:00,remove_ads,3.99
1155,18836,2026-03-08 19:00:00,starter_bundle,0.99
1156,18843,2026-03-15 06:00:00,starter_bundle,0.99
1157,18855,2026-03-06 05:00:00,starter_bundle,0.99
1158,18856,2026-03-11 21:00:00,coin_pack,19.99
1159,18864,2026-03-07 11:00:00,coin_pack,9.99
1160,18871,2026-03-22 22:00:00,vip_pass,14.99
1161,18896,2026-03-10 23:00:00,vip_pass,14.99
1162,18906,2026-03-07 00:00:00,coin_pack,4.99
1163,18906,2026-03-10 16:00:00,starter_bundle,0.99
1164,18910,2026-03-19 16:00:00,coin_pack,4.99
1165,18919,2026-03-08 05:00:00,vip_pass,14.99
1166,18928,2026-04-15 20:00:00,starter_bundle,0.99
1167,18941,2026-03-11 08:00:00,starter_bundle,0.99
1168,18948,2026-03-11 08:00:00,coin_pack,9.99
1169,18958,2026-04-21 20:00:00,coin_pack,19.99
1170,18965,2026-03-11 21:00:00,vip_pass,14.99
1171,18979,2026-03-16 08:00:00,remove_ads,3.99
1172,18992,2026-03-27 01:00:00,vip_pass,14.99
1173,18994,2026-03-08 19:00:00,starter_bundle,0.99
1174,19037,2026-03-07 18:00:00,starter_bundle,0.99
1175,19056,2026-03-07 22:00:00,coin_pack,19.99
1176,19093,2026-03-10 21:00:00,vip_pass,14.99
1177,19118,2026-03-12 14:00:00,remove_ads,3.99
1178,19142,2026-03-11 22:00:00,coin_pack,19.99
1179,19163,2026-03-07 09:00:00,coin_pack,19.99
1180,19163,2026-03-26 19:00:00,coin_pack,19.99
1181,19176,2026-05-16 19:00:00,vip_pass,14.99
1182,19189,2026-04-15 03:00:00,coin_pack,19.99
1183,19196,2026-03-21 15:00:00,starter_bundle,0.99
1184,19221,2026-03-24 07:00:00,coin_pack,9.99
1185,19228,2026-03-15 15:00:00,coin_pack,9.99
1186,19228,2026-03-18 13:00:00,coin_pack,4.99
1187,19238,2026-03-23 09:00:00,coin_pack,19.99
1188,19254,2026-04-03 16:00:00,coin_pack,9.99
1189,19299,2026-05-06 22:00:00,coin_pack,4.99
1190,19319,2026-04-15 18:00:00,vip_pass,14.99
1191,19326,2026-03-23 12:00:00,coin_pack,19.99
1192,19372,2026-03-08 00:00:00,coin_pack,4.99
1193,19390,2026-03-11 08:00:00,starter_bundle,0.99
1194,19401,2026-03-14 15:00:00,vip_pass,14.99
1195,19403,2026-03-15 04:00:00,starter_bundle,0.99
1196,19404,2026-03-10 09:00:00,coin_pack,9.99
1197,19404,2026-03-22 14:00:00,remove_ads,3.99
1198,19421,2026-03-12 04:00:00,remove_ads,3.99
1199,19423,2026-03-13 22:00:00,vip_pass,14.99
1200,19427,2026-03-11 10:00:00,starter_bundle,0.99
1201,19435,2026-03-10 09:00:00,vip_pass,14.99
1202,19446,2026-03-24 14:00:00,starter_bundle,0.99
1203,19456,2026-03-12 16:00:00,starter_bundle,0.99
1204,19469,2026-03-27 00:00:00,coin_pack,4.99
1205,19473,2026-03-17 17:00:00,vip_pass,14.99
1206,19516,2026-03-12 07:00:00,coin_pack,4.99
1207,19518,2026-03-14 23:00:00,coin_pack,4.99
1208,19518,2026-04-26 14:00:00,starter_bundle,0.99
1209,19519,2026-03-08 12:00:00,starter_bundle,0.99
1210,19531,2026-03-09 20:00:00,starter_bundle,0.99
1211,19534,2026-03-16 07:00:00,starter_bundle,0.99
1212,19583,2026-03-26 19:00:00,starter_bundle,0.99
1213,19597,2026-03-24 15:00:00,starter_bundle,0.99
1214,19615,2026-03-09 19:00:00,starter_bundle,0.99
1215,19642,2026-05-08 17:00:00,coin_pack,4.99
1216,19704,2026-04-20 16:00:00,coin_pack,19.99
1217,19731,2026-03-16 09:00:00,coin_pack,4.99
1218,19733,2026-03-17 13:00:00,remove_ads,3.99
1219,19734,2026-03-23 16:00:00,starter_bundle,0.99
1220,19740,2026-03-29 21:00:00,coin_pack,4.99
1221,19755,2026-03-12 10:00:00,remove_ads,3.99
1222,19756,2026-04-20 07:00:00,vip_pass,14.99
1223,19776,2026-03-09 11:00:00,coin_pack,19.99
1224,19781,2026-03-22 02:00:00,coin_pack,9.99
1225,19785,2026-03-15 15:00:00,coin_pack,9.99
1226,19785,2026-03-21 18:00:00,coin_pack,4.99
1227,19789,2026-03-20 03:00:00,remove_ads,3.99
1228,19800,2026-04-28 22:00:00,starter_bundle,0.99
1229,19816,2026-03-15 21:00:00,vip_pass,14.99
1230,19818,2026-03-23 04:00:00,coin_pack,9.99
1231,19852,2026-03-20 17:00:00,coin_pack,19.99
1232,19854,2026-03-10 22:00:00,vip_pass,14.99
1233,19859,2026-03-21 15:00:00,coin_pack,19.99
1234,19882,2026-03-16 20:00:00,coin_pack,9.99
1235,19978,2026-03-11 22:00:00,coin_pack,4.99
1236,20011,2026-03-13 23:00:00,vip_pass,14.99
1237,20017,2026-03-21 11:00:00,vip_pass,14.99
1238,20057,2026-03-25 11:00:00,starter_bundle,0.99
1239,20063,2026-03-22 00:00:00,vip_pass,14.99
1240,20063,2026-03-25 01:00:00,starter_bundle,0.99
1241,20086,2026-03-11 06:00:00,starter_bundle,0.99
1242,20089,2026-04-27 19:00:00,coin_pack,19.99
1243,20105,2026-03-13 06:00:00,coin_pack,4.99
1244,20124,2026-03-17 18:00:00,coin_pack,19.99
1245,20233,2026-03-12 15:00:00,coin_pack,19.99
1246,20233,2026-04-03 05:00:00,remove_ads,3.99
1247,20242,2026-03-16 22:00:00,coin_pack,9.99
1248,20251,2026-03-21 09:00:00,coin_pack,19.99
1249,20259,2026-05-12 13:00:00,coin_pack,4.99
1250,20271,2026-05-29 13:00:00,coin_pack,9.99
1251,20273,2026-04-23 22:00:00,coin_pack,4.99
1252,20275,2026-03-29 17:00:00,starter_bundle,0.99
1253,20286,2026-03-13 09:00:00,coin_pack,19.99
1254,20286,2026-04-30 16:00:00,coin_pack,9.99
1255,20291,2026-03-22 17:00:00,remove_ads,3.99
1256,20292,2026-03-21 16:00:00,coin_pack,9.99
1257,20313,2026-04-02 01:00:00,remove_ads,3.99
1258,20330,2026-04-09 19:00:00,coin_pack,9.99
1259,20333,2026-03-11 14:00:00,starter_bundle,0.99
1260,20344,2026-05-24 11:00:00,coin_pack,4.99
1261,20350,2026-03-11 22:00:00,coin_pack,4.99
1262,20351,2026-03-16 08:00:00,starter_bundle,0.99
1263,20358,2026-03-23 18:00:00,starter_bundle,0.99
1264,20362,2026-03-21 19:00:00,coin_pack,9.99
1265,20375,2026-03-15 20:00:00,coin_pack,4.99
1266,20422,2026-04-07 22:00:00,vip_pass,14.99
1267,20474,2026-04-05 17:00:00,vip_pass,14.99
1268,20479,2026-03-24 15:00:00,remove_ads,3.99
1269,20481,2026-05-13 14:00:00,starter_bundle,0.99
1270,20482,2026-04-15 15:00:00,starter_bundle,0.99
1271,20489,2026-03-22 15:00:00,coin_pack,4.99
1272,20493,2026-03-16 06:00:00,coin_pack,19.99
1273,20517,2026-04-02 08:00:00,starter_bundle,0.99
1274,20526,2026-03-26 11:00:00,coin_pack,19.99
1275,20532,2026-03-16 21:00:00,remove_ads,3.99
1276,20552,2026-06-07 22:00:00,coin_pack,4.99
1277,20579,2026-04-02 15:00:00,coin_pack,9.99
1278,20580,2026-03-20 04:00:00,coin_pack,9.99
1279,20587,2026-05-12 02:00:00,vip_pass,14.99
1280,20617,2026-04-18 04:00:00,vip_pass,14.99
1281,20621,2026-03-16 01:00:00,starter_bundle,0.99
1282,20656,2026-03-14 08:00:00,starter_bundle,0.99
1283,20658,2026-03-13 04:00:00,coin_pack,19.99
1284,20709,2026-03-21 02:00:00,coin_pack,9.99
1285,20766,2026-04-24 21:00:00,vip_pass,14.99
1286,20772,2026-03-14 04:00:00,coin_pack,9.99
1287,20773,2026-03-15 07:00:00,coin_pack,9.99
1288,20788,2026-03-21 20:00:00,starter_bundle,0.99
1289,20819,2026-03-18 10:00:00,starter_bundle,0.99
1290,20832,2026-03-23 08:00:00,remove_ads,3.99
1291,20858,2026-03-14 15:00:00,starter_bundle,0.99
1292,20859,2026-03-26 11:00:00,vip_pass,14.99
1293,20886,2026-04-19 09:00:00,starter_bundle,0.99
1294,20907,2026-04-04 16:00:00,coin_pack,4.99
1295,20912,2026-03-26 11:00:00,coin_pack,19.99
1296,20937,2026-04-15 22:00:00,vip_pass,14.99
1297,20955,2026-05-20 07:00:00,remove_ads,3.99
1298,20980,2026-03-17 02:00:00,coin_pack,9.99
1299,20983,2026-03-21 09:00:00,remove_ads,3.99
1300,21001,2026-04-15 09:00:00,remove_ads,3.99
1301,21070,2026-03-28 09:00:00,coin_pack,9.99
1302,21081,2026-03-21 07:00:00,coin_pack,4.99
1303,21089,2026-03-20 21:00:00,starter_bundle,0.99
1304,21094,2026-03-26 18:00:00,starter_bundle,0.99
1305,21102,2026-04-11 18:00:00,coin_pack,4.99
1306,21110,2026-03-17 07:00:00,coin_pack,9.99
1307,21135,2026-03-19 00:00:00,coin_pack,9.99
1308,21138,2026-03-21 12:00:00,coin_pack,9.99
1309,21146,2026-03-14 10:00:00,starter_bundle,0.99
1310,21150,2026-03-14 18:00:00,remove_ads,3.99
1311,21150,2026-03-18 04:00:00,starter_bundle,0.99
1312,21174,2026-03-25 19:00:00,starter_bundle,0.99
1313,21177,2026-05-06 18:00:00,starter_bundle,0.99
1314,21189,2026-04-11 17:00:00,coin_pack,4.99
1315,21192,2026-03-14 02:00:00,coin_pack,9.99
1316,21192,2026-03-28 21:00:00,vip_pass,14.99
1317,21283,2026-03-17 03:00:00,coin_pack,19.99
1318,21298,2026-03-22 23:00:00,coin_pack,9.99
1319,21303,2026-03-21 11:00:00,coin_pack,19.99
1320,21317,2026-03-21 06:00:00,starter_bundle,0.99
1321,21336,2026-04-23 17:00:00,coin_pack,9.99
1322,21346,2026-03-18 04:00:00,starter_bundle,0.99
1323,21355,2026-03-24 19:00:00,coin_pack,19.99
1324,21371,2026-03-28 23:00:00,remove_ads,3.99
1325,21374,2026-03-30 11:00:00,coin_pack,4.99
1326,21377,2026-05-16 17:00:00,coin_pack,4.99
1327,21382,2026-04-18 15:00:00,coin_pack,9.99
1328,21412,2026-05-26 18:00:00,coin_pack,19.99
1329,21416,2026-03-27 12:00:00,coin_pack,19.99
1330,21425,2026-03-30 11:00:00,remove_ads,3.99
1331,21437,2026-06-11 16:00:00,remove_ads,3.99
1332,21445,2026-03-21 13:00:00,remove_ads,3.99
1333,21449,2026-03-21 12:00:00,starter_bundle,0.99
1334,21476,2026-05-05 07:00:00,coin_pack,19.99
1335,21492,2026-04-07 09:00:00,remove_ads,3.99
1336,21497,2026-03-25 07:00:00,coin_pack,19.99
1337,21503,2026-03-21 11:00:00,starter_bundle,0.99
1338,21508,2026-03-21 20:00:00,remove_ads,3.99
1339,21515,2026-03-17 22:00:00,coin_pack,9.99
1340,21538,2026-03-16 08:00:00,starter_bundle,0.99
1341,21542,2026-04-25 10:00:00,coin_pack,4.99
1342,21595,2026-03-29 06:00:00,coin_pack,9.99
1343,21668,2026-04-19 04:00:00,vip_pass,14.99
1344,21691,2026-03-22 06:00:00,coin_pack,9.99
1345,21710,2026-03-31 18:00:00,starter_bundle,0.99
1346,21719,2026-03-22 07:00:00,vip_pass,14.99
1347,21723,2026-03-16 07:00:00,coin_pack,4.99
1348,21746,2026-03-20 14:00:00,starter_bundle,0.99
1349,21755,2026-03-18 21:00:00,vip_pass,14.99
1350,21755,2026-05-19 19:00:00,starter_bundle,0.99
1351,21770,2026-03-26 15:00:00,starter_bundle,0.99
1352,21774,2026-04-06 16:00:00,coin_pack,19.99
1353,21780,2026-03-21 15:00:00,coin_pack,9.99
1354,21802,2026-03-27 14:00:00,coin_pack,19.99
1355,21807,2026-03-26 00:00:00,coin_pack,4.99
1356,21808,2026-03-28 05:00:00,coin_pack,19.99
1357,21816,2026-04-06 12:00:00,remove_ads,3.99
1358,21831,2026-03-25 07:00:00,coin_pack,19.99
1359,21837,2026-03-25 07:00:00,coin_pack,4.99
1360,21929,2026-03-23 20:00:00,coin_pack,9.99
1361,21946,2026-03-25 18:00:00,remove_ads,3.99
1362,21946,2026-03-29 22:00:00,remove_ads,3.99
1363,21952,2026-03-29 11:00:00,vip_pass,14.99
1364,21958,2026-03-25 02:00:00,coin_pack,9.99
1365,21959,2026-03-25 11:00:00,starter_bundle,0.99
1366,21962,2026-03-31 19:00:00,coin_pack,19.99
1367,21967,2026-03-22 01:00:00,remove_ads,3.99
1368,21981,2026-04-10 18:00:00,coin_pack,4.99
1369,21999,2026-03-19 15:00:00,starter_bundle,0.99
1370,22006,2026-04-04 09:00:00,remove_ads,3.99
1371,22014,2026-04-06 09:00:00,coin_pack,9.99
1372,22018,2026-04-03 17:00:00,coin_pack,4.99
1373,22020,2026-03-17 12:00:00,coin_pack,19.99
1374,22022,2026-03-27 05:00:00,coin_pack,9.99
1375,22051,2026-04-11 00:00:00,coin_pack,9.99
1376,22055,2026-03-17 09:00:00,coin_pack,19.99
1377,22195,2026-04-03 22:00:00,coin_pack,19.99
1378,22238,2026-03-23 15:00:00,coin_pack,19.99
1379,22247,2026-03-21 20:00:00,coin_pack,19.99
1380,22255,2026-03-23 04:00:00,vip_pass,14.99
1381,22255,2026-04-04 18:00:00,coin_pack,9.99
1382,22262,2026-04-22 05:00:00,starter_bundle,0.99
1383,22269,2026-03-19 16:00:00,starter_bundle,0.99
1384,22292,2026-04-10 20:00:00,vip_pass,14.99
1385,22311,2026-03-22 00:00:00,vip_pass,14.99
1386,22315,2026-03-21 10:00:00,vip_pass,14.99
1387,22317,2026-04-28 04:00:00,vip_pass,14.99
1388,22321,2026-06-14 17:00:00,remove_ads,3.99
1389,22336,2026-05-18 18:00:00,coin_pack,19.99
1390,22349,2026-03-29 13:00:00,starter_bundle,0.99
1391,22350,2026-03-18 22:00:00,vip_pass,14.99
1392,22356,2026-03-30 03:00:00,coin_pack,4.99
1393,22367,2026-04-25 12:00:00,starter_bundle,0.99
1394,22385,2026-04-04 02:00:00,starter_bundle,0.99
1395,22428,2026-04-27 03:00:00,coin_pack,19.99
1396,22456,2026-03-30 06:00:00,coin_pack,4.99
1397,22477,2026-04-11 23:00:00,coin_pack,19.99
1398,22520,2026-03-30 08:00:00,starter_bundle,0.99
1399,22522,2026-03-24 10:00:00,coin_pack,4.99
1400,22534,2026-03-28 02:00:00,vip_pass,14.99
1401,22545,2026-04-10 05:00:00,remove_ads,3.99
1402,22573,2026-05-23 21:00:00,coin_pack,19.99
1403,22587,2026-03-27 10:00:00,vip_pass,14.99
1404,22599,2026-03-22 20:00:00,coin_pack,4.99
1405,22602,2026-03-20 22:00:00,starter_bundle,0.99
1406,22604,2026-04-22 11:00:00,remove_ads,3.99
1407,22607,2026-03-23 05:00:00,vip_pass,14.99
1408,22609,2026-03-26 22:00:00,coin_pack,4.99
1409,22616,2026-03-21 02:00:00,vip_pass,14.99
1410,22617,2026-03-21 03:00:00,coin_pack,19.99
1411,22619,2026-06-11 22:00:00,remove_ads,3.99
1412,22628,2026-04-05 12:00:00,starter_bundle,0.99
1413,22629,2026-03-30 21:00:00,starter_bundle,0.99
1414,22640,2026-04-17 21:00:00,coin_pack,9.99
1415,22645,2026-04-26 08:00:00,starter_bundle,0.99
1416,22647,2026-03-26 07:00:00,starter_bundle,0.99
1417,22649,2026-03-26 19:00:00,vip_pass,14.99
1418,22660,2026-04-17 14:00:00,coin_pack,4.99
1419,22670,2026-03-20 23:00:00,remove_ads,3.99
1420,22671,2026-03-23 17:00:00,coin_pack,9.99
1421,22676,2026-05-20 00:00:00,starter_bundle,0.99
1422,22706,2026-03-29 09:00:00,vip_pass,14.99
1423,22710,2026-03-20 16:00:00,vip_pass,14.99
1424,22790,2026-04-07 15:00:00,starter_bundle,0.99
1425,22810,2026-03-21 16:00:00,starter_bundle,0.99
1426,22821,2026-05-02 14:00:00,coin_pack,9.99
1427,22829,2026-03-23 11:00:00,coin_pack,4.99
1428,22837,2026-04-26 12:00:00,starter_bundle,0.99
1429,22842,2026-04-13 09:00:00,coin_pack,9.99
1430,22846,2026-03-28 01:00:00,vip_pass,14.99
1431,22865,2026-03-20 22:00:00,coin_pack,19.99
1432,22881,2026-03-20 12:00:00,coin_pack,9.99
1433,22900,2026-03-23 08:00:00,starter_bundle,0.99
1434,22910,2026-04-02 03:00:00,starter_bundle,0.99
1435,22916,2026-05-07 08:00:00,coin_pack,19.99
1436,22917,2026-03-22 16:00:00,starter_bundle,0.99
1437,22919,2026-04-12 07:00:00,starter_bundle,0.99
1438,22926,2026-03-28 22:00:00,coin_pack,19.99
1439,22928,2026-05-15 05:00:00,coin_pack,9.99
1440,22929,2026-03-23 18:00:00,coin_pack,4.99
1441,22938,2026-04-09 07:00:00,vip_pass,14.99
1442,22946,2026-03-24 23:00:00,coin_pack,19.99
1443,23043,2026-03-27 03:00:00,vip_pass,14.99
1444,23060,2026-03-22 13:00:00,remove_ads,3.99
1445,23094,2026-04-30 08:00:00,coin_pack,4.99
1446,23118,2026-03-21 23:00:00,coin_pack,19.99
1447,23122,2026-03-24 01:00:00,coin_pack,9.99
1448,23123,2026-04-28 17:00:00,starter_bundle,0.99
1449,23129,2026-04-04 08:00:00,coin_pack,4.99
1450,23140,2026-03-24 14:00:00,starter_bundle,0.99
1451,23140,2026-03-28 15:00:00,remove_ads,3.99
1452,23156,2026-03-24 19:00:00,coin_pack,19.99
1453,23163,2026-04-04 11:00:00,coin_pack,4.99
1454,23177,2026-03-25 10:00:00,coin_pack,19.99
1455,23180,2026-03-21 20:00:00,starter_bundle,0.99
1456,23183,2026-03-25 20:00:00,starter_bundle,0.99
1457,23196,2026-04-05 11:00:00,coin_pack,9.99
1458,23217,2026-04-19 21:00:00,coin_pack,4.99
1459,23227,2026-03-30 21:00:00,coin_pack,19.99
1460,23245,2026-03-28 04:00:00,vip_pass,14.99
1461,23246,2026-04-14 23:00:00,starter_bundle,0.99
1462,23249,2026-03-22 22:00:00,remove_ads,3.99
1463,23273,2026-03-23 17:00:00,coin_pack,9.99
1464,23307,2026-03-31 11:00:00,coin_pack,9.99
1465,23360,2026-03-26 21:00:00,coin_pack,9.99
1466,23366,2026-04-27 10:00:00,coin_pack,9.99
1467,23388,2026-03-23 12:00:00,coin_pack,4.99
1468,23393,2026-04-03 00:00:00,coin_pack,19.99
1469,23403,2026-03-26 16:00:00,starter_bundle,0.99
1470,23416,2026-03-22 06:00:00,remove_ads,3.99
1471,23416,2026-03-31 13:00:00,remove_ads,3.99
1472,23417,2026-05-19 02:00:00,coin_pack,4.99
1473,23422,2026-03-29 02:00:00,starter_bundle,0.99
1474,23428,2026-03-25 21:00:00,vip_pass,14.99
1475,23435,2026-03-23 22:00:00,coin_pack,19.99
1476,23442,2026-03-29 08:00:00,vip_pass,14.99
1477,23465,2026-03-23 02:00:00,starter_bundle,0.99
1478,23475,2026-03-25 12:00:00,vip_pass,14.99
1479,23479,2026-03-29 23:00:00,coin_pack,4.99
1480,23492,2026-04-05 02:00:00,coin_pack,19.99
1481,23505,2026-04-03 14:00:00,starter_bundle,0.99
1482,23522,2026-03-26 22:00:00,starter_bundle,0.99
1483,23523,2026-03-24 23:00:00,coin_pack,9.99
1484,23532,2026-05-23 00:00:00,starter_bundle,0.99
1485,23545,2026-04-13 08:00:00,coin_pack,19.99
1486,23565,2026-04-03 00:00:00,starter_bundle,0.99
1487,23589,2026-03-29 20:00:00,coin_pack,19.99
1488,23639,2026-03-28 00:00:00,vip_pass,14.99
1489,23655,2026-04-22 21:00:00,starter_bundle,0.99
1490,23678,2026-04-10 19:00:00,coin_pack,19.99
1491,23681,2026-03-25 06:00:00,coin_pack,9.99
1492,23700,2026-03-31 05:00:00,coin_pack,4.99
1493,23733,2026-04-10 15:00:00,remove_ads,3.99
1494,23745,2026-03-26 13:00:00,starter_bundle,0.99
1495,23756,2026-03-25 22:00:00,starter_bundle,0.99
1496,23762,2026-03-31 00:00:00,coin_pack,19.99
1497,23763,2026-03-26 17:00:00,starter_bundle,0.99
1498,23764,2026-03-29 18:00:00,starter_bundle,0.99
1499,23835,2026-05-04 14:00:00,vip_pass,14.99
1500,23847,2026-04-02 05:00:00,starter_bundle,0.99
1501,23855,2026-04-19 20:00:00,coin_pack,9.99
1502,23924,2026-04-07 06:00:00,remove_ads,3.99
1503,23933,2026-03-28 05:00:00,coin_pack,9.99
1504,23997,2026-03-24 17:00:00,starter_bundle,0.99
1505,23997,2026-03-28 17:00:00,coin_pack,9.99
1506,24002,2026-04-30 22:00:00,coin_pack,19.99
1507,24006,2026-04-04 06:00:00,remove_ads,3.99
1508,24016,2026-03-24 17:00:00,starter_bundle,0.99
1509,24019,2026-04-19 09:00:00,coin_pack,9.99
1510,24024,2026-04-15 16:00:00,remove_ads,3.99
1511,24033,2026-03-28 19:00:00,vip_pass,14.99
1512,24079,2026-03-26 04:00:00,starter_bundle,0.99
1513,24092,2026-05-06 21:00:00,coin_pack,9.99
1514,24093,2026-04-18 09:00:00,vip_pass,14.99
1515,24095,2026-05-27 11:00:00,vip_pass,14.99
1516,24100,2026-03-29 15:00:00,vip_pass,14.99
1517,24106,2026-03-26 07:00:00,starter_bundle,0.99
1518,24125,2026-04-02 08:00:00,starter_bundle,0.99
1519,24130,2026-05-07 18:00:00,remove_ads,3.99
1520,24146,2026-03-31 04:00:00,remove_ads,3.99
1521,24215,2026-04-05 00:00:00,coin_pack,4.99
1522,24216,2026-05-16 18:00:00,coin_pack,4.99
1523,24279,2026-04-12 03:00:00,starter_bundle,0.99
1524,24322,2026-03-27 21:00:00,coin_pack,4.99
1525,24330,2026-03-28 03:00:00,coin_pack,4.99
1526,24336,2026-05-08 16:00:00,starter_bundle,0.99
1527,24348,2026-03-26 19:00:00,starter_bundle,0.99
1528,24348,2026-03-28 11:00:00,vip_pass,14.99
1529,24351,2026-03-25 13:00:00,coin_pack,9.99
1530,24360,2026-04-07 16:00:00,remove_ads,3.99
1531,24378,2026-03-28 23:00:00,starter_bundle,0.99
1532,24388,2026-04-25 06:00:00,coin_pack,4.99
1533,24415,2026-03-31 22:00:00,vip_pass,14.99
1534,24420,2026-04-07 11:00:00,starter_bundle,0.99
1535,24422,2026-03-27 09:00:00,starter_bundle,0.99
1536,24451,2026-04-13 18:00:00,vip_pass,14.99
1537,24461,2026-04-07 01:00:00,coin_pack,4.99
1538,24524,2026-04-15 23:00:00,coin_pack,19.99
1539,24576,2026-03-30 01:00:00,starter_bundle,0.99
1540,24641,2026-03-27 21:00:00,starter_bundle,0.99
1541,24645,2026-06-18 23:00:00,coin_pack,4.99
1542,24648,2026-03-27 12:00:00,coin_pack,9.99
1543,24682,2026-04-04 17:00:00,remove_ads,3.99
1544,24689,2026-04-04 22:00:00,coin_pack,19.99
1545,24697,2026-04-10 16:00:00,vip_pass,14.99
1546,24698,2026-06-22 04:00:00,coin_pack,9.99
1547,24708,2026-03-30 19:00:00,starter_bundle,0.99
1548,24731,2026-05-03 16:00:00,coin_pack,19.99
1549,24735,2026-04-18 12:00:00,remove_ads,3.99
1550,24762,2026-03-31 13:00:00,vip_pass,14.99
1551,24798,2026-04-02 20:00:00,coin_pack,19.99
1552,24813,2026-04-10 11:00:00,coin_pack,19.99
1553,24842,2026-06-12 23:00:00,coin_pack,4.99
1554,24884,2026-03-30 18:00:00,vip_pass,14.99
1555,24889,2026-03-29 04:00:00,vip_pass,14.99
1556,24893,2026-04-07 05:00:00,vip_pass,14.99
1557,24904,2026-04-09 22:00:00,coin_pack,9.99
1558,24909,2026-04-11 20:00:00,coin_pack,4.99
1559,24951,2026-04-02 13:00:00,coin_pack,19.99
1560,24961,2026-04-04 12:00:00,coin_pack,4.99
1561,24962,2026-04-19 01:00:00,starter_bundle,0.99
1562,24967,2026-03-29 16:00:00,vip_pass,14.99
1563,24980,2026-04-03 05:00:00,remove_ads,3.99
1564,24987,2026-04-01 11:00:00,vip_pass,14.99
1565,24990,2026-04-12 12:00:00,remove_ads,3.99
1566,24991,2026-03-30 23:00:00,coin_pack,9.99
1567,24994,2026-04-08 02:00:00,coin_pack,9.99
1568,24998,2026-04-13 00:00:00,vip_pass,14.99
1569,24999,2026-04-01 21:00:00,coin_pack,9.99
1570,25002,2026-03-29 05:00:00,coin_pack,4.99
1571,25014,2026-04-03 20:00:00,remove_ads,3.99
1572,25015,2026-06-06 15:00:00,starter_bundle,0.99
1573,25016,2026-03-28 05:00:00,starter_bundle,0.99
1574,25020,2026-04-01 21:00:00,coin_pack,4.99
1575,25024,2026-04-06 03:00:00,remove_ads,3.99
1576,25034,2026-04-09 19:00:00,starter_bundle,0.99
1577,25037,2026-04-07 07:00:00,remove_ads,3.99
1578,25041,2026-03-28 23:00:00,remove_ads,3.99
1579,25041,2026-04-04 13:00:00,coin_pack,9.99
1580,25044,2026-04-17 08:00:00,coin_pack,19.99
1581,25052,2026-03-29 05:00:00,vip_pass,14.99
1582,25053,2026-03-28 18:00:00,remove_ads,3.99
1583,25076,2026-05-29 00:00:00,coin_pack,19.99
1584,25087,2026-03-31 08:00:00,remove_ads,3.99
1585,25093,2026-04-05 18:00:00,coin_pack,19.99
1586,25125,2026-05-10 13:00:00,coin_pack,9.99
1587,25153,2026-06-10 10:00:00,coin_pack,9.99
1588,25159,2026-03-28 18:00:00,remove_ads,3.99
1589,25223,2026-04-04 17:00:00,coin_pack,19.99
1590,25263,2026-04-11 09:00:00,starter_bundle,0.99
1591,25279,2026-03-30 20:00:00,remove_ads,3.99
1592,25289,2026-04-05 10:00:00,coin_pack,19.99
1593,25297,2026-03-31 03:00:00,coin_pack,9.99
1594,25303,2026-04-15 16:00:00,coin_pack,9.99
1595,25313,2026-03-30 14:00:00,remove_ads,3.99
1596,25329,2026-04-21 23:00:00,starter_bundle,0.99
1597,25334,2026-04-19 17:00:00,starter_bundle,0.99
1598,25341,2026-05-17 08:00:00,vip_pass,14.99
1599,25345,2026-03-29 06:00:00,coin_pack,4.99
1600,25349,2026-03-28 21:00:00,starter_bundle,0.99
1601,25368,2026-03-28 18:00:00,coin_pack,19.99
1602,25373,2026-05-10 07:00:00,coin_pack,19.99
1603,25476,2026-04-08 11:00:00,starter_bundle,0.99
1604,25487,2026-04-01 17:00:00,starter_bundle,0.99
1605,25496,2026-04-10 16:00:00,starter_bundle,0.99
1606,25527,2026-03-31 02:00:00,remove_ads,3.99
1607,25545,2026-04-23 15:00:00,remove_ads,3.99
1608,25565,2026-03-29 23:00:00,coin_pack,9.99
1609,25567,2026-04-19 21:00:00,starter_bundle,0.99
1610,25592,2026-04-01 01:00:00,starter_bundle,0.99
1611,25616,2026-04-01 01:00:00,vip_pass,14.99
1612,25632,2026-04-07 14:00:00,coin_pack,19.99
1613,25642,2026-04-11 17:00:00,coin_pack,4.99
1614,25672,2026-04-08 00:00:00,starter_bundle,0.99
1615,25674,2026-03-31 19:00:00,starter_bundle,0.99
1616,25729,2026-03-31 01:00:00,coin_pack,19.99
1617,25832,2026-04-19 17:00:00,coin_pack,4.99
1618,25860,2026-04-05 11:00:00,vip_pass,14.99
1619,25887,2026-04-11 22:00:00,starter_bundle,0.99
1620,25889,2026-04-02 12:00:00,vip_pass,14.99
1621,25890,2026-03-30 14:00:00,remove_ads,3.99
1622,25897,2026-04-06 03:00:00,remove_ads,3.99
1623,25898,2026-04-05 04:00:00,starter_bundle,0.99
1624,25909,2026-03-30 07:00:00,coin_pack,9.99
1625,25919,2026-04-18 13:00:00,remove_ads,3.99
1626,25927,2026-03-31 09:00:00,coin_pack,4.99
1627,25945,2026-04-05 03:00:00,starter_bundle,0.99
1628,25963,2026-04-02 22:00:00,coin_pack,4.99
1629,25967,2026-04-28 02:00:00,starter_bundle,0.99
1630,25979,2026-06-17 08:00:00,coin_pack,4.99
1631,25997,2026-04-20 23:00:00,coin_pack,19.99
1632,26018,2026-04-11 17:00:00,coin_pack,19.99
1633,26030,2026-04-01 13:00:00,starter_bundle,0.99
1634,26056,2026-04-05 19:00:00,vip_pass,14.99
1635,26082,2026-04-25 23:00:00,starter_bundle,0.99
1636,26107,2026-04-01 16:00:00,starter_bundle,0.99
1637,26111,2026-03-31 07:00:00,coin_pack,19.99
1638,26119,2026-05-06 15:00:00,coin_pack,19.99
1639,26120,2026-04-15 14:00:00,starter_bundle,0.99
1640,26134,2026-06-05 23:00:00,coin_pack,4.99
1641,26145,2026-03-31 16:00:00,vip_pass,14.99
1642,26158,2026-04-17 15:00:00,starter_bundle,0.99
1643,26163,2026-06-13 00:00:00,coin_pack,9.99
1644,26166,2026-04-05 17:00:00,vip_pass,14.99
1645,26184,2026-04-08 13:00:00,coin_pack,9.99
1646,26203,2026-03-31 02:00:00,remove_ads,3.99
1647,26211,2026-05-11 17:00:00,starter_bundle,0.99
1648,26216,2026-04-08 11:00:00,starter_bundle,0.99
1649,26226,2026-03-31 16:00:00,coin_pack,4.99
1650,26230,2026-04-01 14:00:00,starter_bundle,0.99
1651,26240,2026-05-17 00:00:00,remove_ads,3.99
