spend_id,campaign_id,channel,spend_date,daily_spend_usd,installs
1,1,paid_social,2026-01-01,46.0,46
2,2,paid_social,2026-01-01,47.0,47
3,3,paid_social,2026-01-01,47.0,47
4,4,paid_search,2026-01-01,49.3,17
5,5,paid_search,2026-01-01,49.3,17
6,6,paid_search,2026-01-01,49.3,17
7,7,cross_promo,2026-01-01,3.6,8
8,8,cross_promo,2026-01-01,3.6,8
9,9,cross_promo,2026-01-01,3.6,8
10,10,organic,2026-01-01,0.0,69
11,1,paid_social,2026-01-02,50.6,50
12,2,paid_social,2026-01-02,51.61,51
13,3,paid_social,2026-01-02,51.61,51
14,4,paid_search,2026-01-02,61.02,21
15,5,paid_search,2026-01-02,61.02,21
16,6,paid_search,2026-01-02,61.02,21
17,7,cross_promo,2026-01-02,3.6,8
18,8,cross_promo,2026-01-02,3.6,8
19,9,cross_promo,2026-01-02,4.05,9
20,10,organic,2026-01-02,0.0,57
21,1,paid_social,2026-01-03,45.06,44
22,2,paid_social,2026-01-03,46.08,45
23,3,paid_social,2026-01-03,46.08,45
24,4,paid_search,2026-01-03,49.5,17
25,5,paid_search,2026-01-03,49.5,17
26,6,paid_search,2026-01-03,52.41,18
27,7,cross_promo,2026-01-03,4.05,9
28,8,cross_promo,2026-01-03,4.05,9
29,9,cross_promo,2026-01-03,4.5,10
30,10,organic,2026-01-03,0.0,69
31,1,paid_social,2026-01-04,54.91,53
32,2,paid_social,2026-01-04,54.91,53
33,3,paid_social,2026-01-04,54.91,53
34,4,paid_search,2026-01-04,61.27,21
35,5,paid_search,2026-01-04,61.27,21
36,6,paid_search,2026-01-04,61.27,21
37,7,cross_promo,2026-01-04,2.7,6
38,8,cross_promo,2026-01-04,2.7,6
39,9,cross_promo,2026-01-04,2.7,6
40,10,organic,2026-01-04,0.0,86
41,1,paid_social,2026-01-05,53.45,51
42,2,paid_social,2026-01-05,53.45,51
43,3,paid_social,2026-01-05,54.5,52
44,4,paid_search,2026-01-05,52.62,18
45,5,paid_search,2026-01-05,52.62,18
46,6,paid_search,2026-01-05,55.54,19
47,7,cross_promo,2026-01-05,3.6,8
48,8,cross_promo,2026-01-05,4.05,9
49,9,cross_promo,2026-01-05,4.05,9
50,10,organic,2026-01-05,0.0,50
51,1,paid_social,2026-01-06,45.58,43
52,2,paid_social,2026-01-06,45.58,43
53,3,paid_social,2026-01-06,45.58,43
54,4,paid_search,2026-01-06,35.15,12
55,5,paid_search,2026-01-06,35.15,12
56,6,paid_search,2026-01-06,35.15,12
57,7,cross_promo,2026-01-06,4.05,9
58,8,cross_promo,2026-01-06,4.05,9
59,9,cross_promo,2026-01-06,4.05,9
60,10,organic,2026-01-06,0.0,81
61,1,paid_social,2026-01-07,40.74,38
62,2,paid_social,2026-01-07,40.74,38
63,3,paid_social,2026-01-07,41.81,39
64,4,paid_search,2026-01-07,49.89,17
65,5,paid_search,2026-01-07,49.89,17
66,6,paid_search,2026-01-07,52.83,18
67,7,cross_promo,2026-01-07,3.6,8
68,8,cross_promo,2026-01-07,4.05,9
69,9,cross_promo,2026-01-07,4.05,9
70,10,organic,2026-01-07,0.0,85
71,1,paid_social,2026-01-08,40.11,37
72,2,paid_social,2026-01-08,40.11,37
73,3,paid_social,2026-01-08,41.19,38
74,4,paid_search,2026-01-08,52.93,18
75,5,paid_search,2026-01-08,52.93,18
76,6,paid_search,2026-01-08,55.87,19
77,7,cross_promo,2026-01-08,3.15,7
78,8,cross_promo,2026-01-08,3.6,8
79,9,cross_promo,2026-01-08,3.6,8
80,10,organic,2026-01-08,0.0,64
81,1,paid_social,2026-01-09,59.18,54
82,2,paid_social,2026-01-09,59.18,54
83,3,paid_social,2026-01-09,59.18,54
84,4,paid_search,2026-01-09,64.82,22
85,5,paid_search,2026-01-09,64.82,22
86,6,paid_search,2026-01-09,64.82,22
87,7,cross_promo,2026-01-09,3.6,8
88,8,cross_promo,2026-01-09,3.6,8
89,9,cross_promo,2026-01-09,3.6,8
90,10,organic,2026-01-09,0.0,86
91,1,paid_social,2026-01-10,43.21,39
92,2,paid_social,2026-01-10,43.21,39
93,3,paid_social,2026-01-10,43.21,39
94,4,paid_search,2026-01-10,38.38,13
95,5,paid_search,2026-01-10,38.38,13
96,6,paid_search,2026-01-10,38.38,13
97,7,cross_promo,2026-01-10,3.15,7
98,8,cross_promo,2026-01-10,3.15,7
99,9,cross_promo,2026-01-10,3.6,8
100,10,organic,2026-01-10,0.0,80
101,1,paid_social,2026-01-11,44.8,40
102,2,paid_social,2026-01-11,45.92,41
103,3,paid_social,2026-01-11,45.92,41
104,4,paid_search,2026-01-11,50.28,17
105,5,paid_search,2026-01-11,53.24,18
106,6,paid_search,2026-01-11,53.24,18
107,7,cross_promo,2026-01-11,4.05,9
108,8,cross_promo,2026-01-11,4.05,9
109,9,cross_promo,2026-01-11,4.05,9
110,10,organic,2026-01-11,0.0,84
111,1,paid_social,2026-01-12,55.47,49
112,2,paid_social,2026-01-12,56.6,50
113,3,paid_social,2026-01-12,56.6,50
114,4,paid_search,2026-01-12,59.28,20
115,5,paid_search,2026-01-12,59.28,20
116,6,paid_search,2026-01-12,62.24,21
117,7,cross_promo,2026-01-12,4.05,9
118,8,cross_promo,2026-01-12,4.05,9
119,9,cross_promo,2026-01-12,4.05,9
120,10,organic,2026-01-12,0.0,72
121,1,paid_social,2026-01-13,64.06,56
122,2,paid_social,2026-01-13,65.21,57
123,3,paid_social,2026-01-13,65.21,57
124,4,paid_search,2026-01-13,62.36,21
125,5,paid_search,2026-01-13,62.36,21
126,6,paid_search,2026-01-13,65.33,22
127,7,cross_promo,2026-01-13,3.6,8
128,8,cross_promo,2026-01-13,3.6,8
129,9,cross_promo,2026-01-13,3.6,8
130,10,organic,2026-01-13,0.0,54
131,1,paid_social,2026-01-14,55.49,48
132,2,paid_social,2026-01-14,55.49,48
133,3,paid_social,2026-01-14,56.64,49
134,4,paid_search,2026-01-14,62.48,21
135,5,paid_search,2026-01-14,62.48,21
136,6,paid_search,2026-01-14,65.46,22
137,7,cross_promo,2026-01-14,4.05,9
138,8,cross_promo,2026-01-14,4.05,9
139,9,cross_promo,2026-01-14,4.05,9
140,10,organic,2026-01-14,0.0,92
141,1,paid_social,2026-01-15,54.9,47
142,2,paid_social,2026-01-15,54.9,47
143,3,paid_social,2026-01-15,56.07,48
144,4,paid_search,2026-01-15,41.74,14
145,5,paid_search,2026-01-15,41.74,14
146,6,paid_search,2026-01-15,41.74,14
147,7,cross_promo,2026-01-15,4.05,9
148,8,cross_promo,2026-01-15,4.05,9
149,9,cross_promo,2026-01-15,4.05,9
150,10,organic,2026-01-15,0.0,73
151,1,paid_social,2026-01-16,61.36,52
152,2,paid_social,2026-01-16,62.54,53
153,3,paid_social,2026-01-16,62.54,53
154,4,paid_search,2026-01-16,53.76,18
155,5,paid_search,2026-01-16,53.76,18
156,6,paid_search,2026-01-16,56.75,19
157,7,cross_promo,2026-01-16,3.15,7
158,8,cross_promo,2026-01-16,3.6,8
159,9,cross_promo,2026-01-16,3.6,8
160,10,organic,2026-01-16,0.0,59
161,1,paid_social,2026-01-17,58.41,49
162,2,paid_social,2026-01-17,58.41,49
163,3,paid_social,2026-01-17,59.6,50
164,4,paid_search,2026-01-17,68.83,23
165,5,paid_search,2026-01-17,68.83,23
166,6,paid_search,2026-01-17,68.83,23
167,7,cross_promo,2026-01-17,4.05,9
168,8,cross_promo,2026-01-17,4.5,10
169,9,cross_promo,2026-01-17,4.5,10
170,10,organic,2026-01-17,0.0,78
171,1,paid_social,2026-01-18,57.79,48
172,2,paid_social,2026-01-18,57.79,48
173,3,paid_social,2026-01-18,57.79,48
174,4,paid_search,2026-01-18,44.98,15
175,5,paid_search,2026-01-18,47.98,16
176,6,paid_search,2026-01-18,47.98,16
177,7,cross_promo,2026-01-18,3.6,8
178,8,cross_promo,2026-01-18,3.6,8
179,9,cross_promo,2026-01-18,4.05,9
180,10,organic,2026-01-18,0.0,80
181,1,paid_social,2026-01-19,52.29,43
182,2,paid_social,2026-01-19,53.51,44
183,3,paid_social,2026-01-19,53.51,44
184,4,paid_search,2026-01-19,63.09,21
185,5,paid_search,2026-01-19,66.1,22
186,6,paid_search,2026-01-19,66.1,22
187,7,cross_promo,2026-01-19,4.05,9
188,8,cross_promo,2026-01-19,4.05,9
189,9,cross_promo,2026-01-19,4.5,10
190,10,organic,2026-01-19,0.0,66
191,1,paid_social,2026-01-20,56.49,46
192,2,paid_social,2026-01-20,56.49,46
193,3,paid_social,2026-01-20,57.72,47
194,4,paid_search,2026-01-20,36.12,12
195,5,paid_search,2026-01-20,39.13,13
196,6,paid_search,2026-01-20,39.13,13
197,7,cross_promo,2026-01-20,3.6,8
198,8,cross_promo,2026-01-20,3.6,8
199,9,cross_promo,2026-01-20,4.05,9
200,10,organic,2026-01-20,0.0,60
201,1,paid_social,2026-01-21,50.84,41
202,2,paid_social,2026-01-21,50.84,41
203,3,paid_social,2026-01-21,52.08,42
204,4,paid_search,2026-01-21,45.24,15
205,5,paid_search,2026-01-21,45.24,15
206,6,paid_search,2026-01-21,48.26,16
207,7,cross_promo,2026-01-21,4.95,11
208,8,cross_promo,2026-01-21,4.95,11
209,9,cross_promo,2026-01-21,5.4,12
210,10,organic,2026-01-21,0.0,71
211,1,paid_social,2026-01-22,76.37,61
212,2,paid_social,2026-01-22,76.37,61
213,3,paid_social,2026-01-22,76.37,61
214,4,paid_search,2026-01-22,45.33,15
215,5,paid_search,2026-01-22,45.33,15
216,6,paid_search,2026-01-22,48.35,16
217,7,cross_promo,2026-01-22,2.7,6
218,8,cross_promo,2026-01-22,2.7,6
219,9,cross_promo,2026-01-22,2.7,6
220,10,organic,2026-01-22,0.0,66
221,1,paid_social,2026-01-23,53.09,42
222,2,paid_social,2026-01-23,53.09,42
223,3,paid_social,2026-01-23,53.09,42
224,4,paid_search,2026-01-23,63.58,21
225,5,paid_search,2026-01-23,66.61,22
226,6,paid_search,2026-01-23,66.61,22
227,7,cross_promo,2026-01-23,3.15,7
228,8,cross_promo,2026-01-23,3.15,7
229,9,cross_promo,2026-01-23,3.15,7
230,10,organic,2026-01-23,0.0,79
231,1,paid_social,2026-01-24,49.76,39
232,2,paid_social,2026-01-24,49.76,39
233,3,paid_social,2026-01-24,49.76,39
234,4,paid_search,2026-01-24,54.6,18
235,5,paid_search,2026-01-24,54.6,18
236,6,paid_search,2026-01-24,57.64,19
237,7,cross_promo,2026-01-24,3.15,7
238,8,cross_promo,2026-01-24,3.6,8
239,9,cross_promo,2026-01-24,3.6,8
240,10,organic,2026-01-24,0.0,70
241,1,paid_social,2026-01-25,77.28,60
242,2,paid_social,2026-01-25,77.28,60
243,3,paid_social,2026-01-25,78.57,61
244,4,paid_search,2026-01-25,69.9,23
245,5,paid_search,2026-01-25,69.9,23
246,6,paid_search,2026-01-25,69.9,23
247,7,cross_promo,2026-01-25,3.15,7
248,8,cross_promo,2026-01-25,3.15,7
249,9,cross_promo,2026-01-25,3.15,7
250,10,organic,2026-01-25,0.0,67
251,1,paid_social,2026-01-26,57.2,44
252,2,paid_social,2026-01-26,57.2,44
253,3,paid_social,2026-01-26,57.2,44
254,4,paid_search,2026-01-26,48.72,16
255,5,paid_search,2026-01-26,51.76,17
256,6,paid_search,2026-01-26,51.76,17
257,7,cross_promo,2026-01-26,4.5,10
258,8,cross_promo,2026-01-26,4.5,10
259,9,cross_promo,2026-01-26,4.5,10
260,10,organic,2026-01-26,0.0,72
261,1,paid_social,2026-01-27,48.54,37
262,2,paid_social,2026-01-27,48.54,37
263,3,paid_social,2026-01-27,48.54,37
264,4,paid_search,2026-01-27,61.02,20
265,5,paid_search,2026-01-27,61.02,20
266,6,paid_search,2026-01-27,61.02,20
267,7,cross_promo,2026-01-27,3.6,8
268,8,cross_promo,2026-01-27,3.6,8
269,9,cross_promo,2026-01-27,3.6,8
270,10,organic,2026-01-27,0.0,76
271,1,paid_social,2026-01-28,64.88,49
272,2,paid_social,2026-01-28,66.2,50
273,3,paid_social,2026-01-28,66.2,50
274,4,paid_search,2026-01-28,48.91,16
275,5,paid_search,2026-01-28,48.91,16
276,6,paid_search,2026-01-28,48.91,16
277,7,cross_promo,2026-01-28,3.6,8
278,8,cross_promo,2026-01-28,4.05,9
279,9,cross_promo,2026-01-28,4.05,9
280,10,organic,2026-01-28,0.0,74
281,1,paid_social,2026-01-29,60.12,45
282,2,paid_social,2026-01-29,60.12,45
283,3,paid_social,2026-01-29,60.12,45
284,4,paid_search,2026-01-29,52.06,17
285,5,paid_search,2026-01-29,52.06,17
286,6,paid_search,2026-01-29,52.06,17
287,7,cross_promo,2026-01-29,4.05,9
288,8,cross_promo,2026-01-29,4.5,10
289,9,cross_promo,2026-01-29,4.5,10
290,10,organic,2026-01-29,0.0,84
291,1,paid_social,2026-01-30,67.4,50
292,2,paid_social,2026-01-30,67.4,50
293,3,paid_social,2026-01-30,67.4,50
294,4,paid_search,2026-01-30,52.16,17
295,5,paid_search,2026-01-30,52.16,17
296,6,paid_search,2026-01-30,55.23,18
297,7,cross_promo,2026-01-30,3.6,8
298,8,cross_promo,2026-01-30,3.6,8
299,9,cross_promo,2026-01-30,4.05,9
300,10,organic,2026-01-30,0.0,71
301,1,paid_social,2026-01-31,68.0,50
302,2,paid_social,2026-01-31,69.36,51
303,3,paid_social,2026-01-31,69.36,51
304,4,paid_search,2026-01-31,58.41,19
305,5,paid_search,2026-01-31,58.41,19
306,6,paid_search,2026-01-31,61.48,20
307,7,cross_promo,2026-01-31,2.7,6
308,8,cross_promo,2026-01-31,2.7,6
309,9,cross_promo,2026-01-31,2.7,6
310,10,organic,2026-01-31,0.0,76
311,1,paid_social,2026-02-01,57.62,42
312,2,paid_social,2026-02-01,57.62,42
313,3,paid_social,2026-02-01,58.99,43
314,4,paid_search,2026-02-01,49.28,16
315,5,paid_search,2026-02-01,49.28,16
316,6,paid_search,2026-02-01,49.28,16
317,7,cross_promo,2026-02-01,3.6,8
318,8,cross_promo,2026-02-01,4.05,9
319,9,cross_promo,2026-02-01,4.05,9
320,10,organic,2026-02-01,0.0,71
321,1,paid_social,2026-02-02,56.74,41
322,2,paid_social,2026-02-02,58.13,42
323,3,paid_social,2026-02-02,58.13,42
324,4,paid_search,2026-02-02,49.37,16
325,5,paid_search,2026-02-02,52.46,17
326,6,paid_search,2026-02-02,52.46,17
327,7,cross_promo,2026-02-02,3.6,8
328,8,cross_promo,2026-02-02,3.6,8
329,9,cross_promo,2026-02-02,3.6,8
330,10,organic,2026-02-02,0.0,68
331,1,paid_social,2026-02-03,73.99,53
332,2,paid_social,2026-02-03,73.99,53
333,3,paid_social,2026-02-03,75.38,54
334,4,paid_search,2026-02-03,58.74,19
335,5,paid_search,2026-02-03,58.74,19
336,6,paid_search,2026-02-03,61.83,20
337,7,cross_promo,2026-02-03,4.5,10
338,8,cross_promo,2026-02-03,4.5,10
339,9,cross_promo,2026-02-03,4.95,11
340,10,organic,2026-02-03,0.0,63
341,1,paid_social,2026-02-04,60.54,43
342,2,paid_social,2026-02-04,61.95,44
343,3,paid_social,2026-02-04,61.95,44
344,4,paid_search,2026-02-04,65.04,21
345,5,paid_search,2026-02-04,65.04,21
346,6,paid_search,2026-02-04,68.14,22
347,7,cross_promo,2026-02-04,3.15,7
348,8,cross_promo,2026-02-04,3.15,7
349,9,cross_promo,2026-02-04,3.15,7
350,10,organic,2026-02-04,0.0,82
351,1,paid_social,2026-02-05,63.9,45
352,2,paid_social,2026-02-05,63.9,45
353,3,paid_social,2026-02-05,65.32,46
354,4,paid_search,2026-02-05,52.75,17
355,5,paid_search,2026-02-05,55.85,18
356,6,paid_search,2026-02-05,55.85,18
357,7,cross_promo,2026-02-05,3.15,7
358,8,cross_promo,2026-02-05,3.15,7
359,9,cross_promo,2026-02-05,3.6,8
360,10,organic,2026-02-05,0.0,77
361,1,paid_social,2026-02-06,65.87,46
362,2,paid_social,2026-02-06,67.3,47
363,3,paid_social,2026-02-06,67.3,47
364,4,paid_search,2026-02-06,62.18,20
365,5,paid_search,2026-02-06,62.18,20
366,6,paid_search,2026-02-06,62.18,20
367,7,cross_promo,2026-02-06,3.6,8
368,8,cross_promo,2026-02-06,4.05,9
369,9,cross_promo,2026-02-06,4.05,9
370,10,organic,2026-02-06,0.0,95
371,1,paid_social,2026-02-07,62.09,43
372,2,paid_social,2026-02-07,63.53,44
373,3,paid_social,2026-02-07,63.53,44
374,4,paid_search,2026-02-07,49.84,16
375,5,paid_search,2026-02-07,49.84,16
376,6,paid_search,2026-02-07,52.95,17
377,7,cross_promo,2026-02-07,4.5,10
378,8,cross_promo,2026-02-07,4.5,10
379,9,cross_promo,2026-02-07,4.5,10
380,10,organic,2026-02-07,0.0,60
381,1,paid_social,2026-02-08,62.61,43
382,2,paid_social,2026-02-08,62.61,43
383,3,paid_social,2026-02-08,62.61,43
384,4,paid_search,2026-02-08,56.17,18
385,5,paid_search,2026-02-08,59.29,19
386,6,paid_search,2026-02-08,59.29,19
387,7,cross_promo,2026-02-08,3.15,7
388,8,cross_promo,2026-02-08,3.15,7
389,9,cross_promo,2026-02-08,3.15,7
390,10,organic,2026-02-08,0.0,74
391,1,paid_social,2026-02-09,39.64,27
392,2,paid_social,2026-02-09,39.64,27
393,3,paid_social,2026-02-09,41.11,28
394,4,paid_search,2026-02-09,53.15,17
395,5,paid_search,2026-02-09,53.15,17
396,6,paid_search,2026-02-09,53.15,17
397,7,cross_promo,2026-02-09,2.7,6
398,8,cross_promo,2026-02-09,3.15,7
399,9,cross_promo,2026-02-09,3.15,7
400,10,organic,2026-02-09,0.0,78
401,1,paid_social,2026-02-10,63.64,43
402,2,paid_social,2026-02-10,65.12,44
403,3,paid_social,2026-02-10,65.12,44
404,4,paid_search,2026-02-10,50.11,16
405,5,paid_search,2026-02-10,50.11,16
406,6,paid_search,2026-02-10,50.11,16
407,7,cross_promo,2026-02-10,3.6,8
408,8,cross_promo,2026-02-10,3.6,8
409,9,cross_promo,2026-02-10,4.05,9
410,10,organic,2026-02-10,0.0,76
411,1,paid_social,2026-02-11,56.7,38
412,2,paid_social,2026-02-11,58.19,39
413,3,paid_social,2026-02-11,58.19,39
414,4,paid_search,2026-02-11,65.89,21
415,5,paid_search,2026-02-11,69.03,22
416,6,paid_search,2026-02-11,69.03,22
417,7,cross_promo,2026-02-11,3.6,8
418,8,cross_promo,2026-02-11,3.6,8
419,9,cross_promo,2026-02-11,3.6,8
420,10,organic,2026-02-11,0.0,70
421,1,paid_social,2026-02-12,75.2,50
422,2,paid_social,2026-02-12,75.2,50
423,3,paid_social,2026-02-12,76.7,51
424,4,paid_search,2026-02-12,72.3,23
425,5,paid_search,2026-02-12,75.45,24
426,6,paid_search,2026-02-12,75.45,24
427,7,cross_promo,2026-02-12,3.6,8
428,8,cross_promo,2026-02-12,3.6,8
429,9,cross_promo,2026-02-12,4.05,9
430,10,organic,2026-02-12,0.0,76
431,1,paid_social,2026-02-13,56.09,37
432,2,paid_social,2026-02-13,56.09,37
433,3,paid_social,2026-02-13,57.61,38
434,4,paid_search,2026-02-13,59.84,19
435,5,paid_search,2026-02-13,59.84,19
436,6,paid_search,2026-02-13,59.84,19
437,7,cross_promo,2026-02-13,4.05,9
438,8,cross_promo,2026-02-13,4.05,9
439,9,cross_promo,2026-02-13,4.05,9
440,10,organic,2026-02-13,0.0,74
441,1,paid_social,2026-02-14,80.98,53
442,2,paid_social,2026-02-14,80.98,53
443,3,paid_social,2026-02-14,82.51,54
444,4,paid_search,2026-02-14,56.79,18
445,5,paid_search,2026-02-14,56.79,18
446,6,paid_search,2026-02-14,56.79,18
447,7,cross_promo,2026-02-14,4.05,9
448,8,cross_promo,2026-02-14,4.05,9
449,9,cross_promo,2026-02-14,4.05,9
450,10,organic,2026-02-14,0.0,67
451,1,paid_social,2026-02-15,67.76,44
452,2,paid_social,2026-02-15,67.76,44
453,3,paid_social,2026-02-15,69.3,45
454,4,paid_search,2026-02-15,56.9,18
455,5,paid_search,2026-02-15,56.9,18
456,6,paid_search,2026-02-15,56.9,18
457,7,cross_promo,2026-02-15,3.15,7
458,8,cross_promo,2026-02-15,3.15,7
459,9,cross_promo,2026-02-15,3.15,7
460,10,organic,2026-02-15,0.0,70
461,1,paid_social,2026-02-16,77.6,50
462,2,paid_social,2026-02-16,79.15,51
463,3,paid_social,2026-02-16,79.15,51
464,4,paid_search,2026-02-16,66.5,21
465,5,paid_search,2026-02-16,66.5,21
466,6,paid_search,2026-02-16,69.67,22
467,7,cross_promo,2026-02-16,3.6,8
468,8,cross_promo,2026-02-16,4.05,9
469,9,cross_promo,2026-02-16,4.05,9
470,10,organic,2026-02-16,0.0,66
471,1,paid_social,2026-02-17,53.18,34
472,2,paid_social,2026-02-17,53.18,34
473,3,paid_social,2026-02-17,54.74,35
474,4,paid_search,2026-02-17,72.97,23
475,5,paid_search,2026-02-17,72.97,23
476,6,paid_search,2026-02-17,72.97,23
477,7,cross_promo,2026-02-17,2.7,6
478,8,cross_promo,2026-02-17,3.15,7
479,9,cross_promo,2026-02-17,3.15,7
480,10,organic,2026-02-17,0.0,89
481,1,paid_social,2026-02-18,59.89,38
482,2,paid_social,2026-02-18,59.89,38
483,3,paid_social,2026-02-18,59.89,38
484,4,paid_search,2026-02-18,38.14,12
485,5,paid_search,2026-02-18,41.32,13
486,6,paid_search,2026-02-18,41.32,13
487,7,cross_promo,2026-02-18,3.15,7
488,8,cross_promo,2026-02-18,3.15,7
489,9,cross_promo,2026-02-18,3.15,7
490,10,organic,2026-02-18,0.0,63
491,1,paid_social,2026-02-19,69.87,44
492,2,paid_social,2026-02-19,69.87,44
493,3,paid_social,2026-02-19,69.87,44
494,4,paid_search,2026-02-19,57.32,18
495,5,paid_search,2026-02-19,57.32,18
496,6,paid_search,2026-02-19,60.5,19
497,7,cross_promo,2026-02-19,2.7,6
498,8,cross_promo,2026-02-19,3.15,7
499,9,cross_promo,2026-02-19,3.15,7
500,10,organic,2026-02-19,0.0,70
501,1,paid_social,2026-02-20,72.0,45
502,2,paid_social,2026-02-20,73.6,46
503,3,paid_social,2026-02-20,73.6,46
504,4,paid_search,2026-02-20,63.8,20
505,5,paid_search,2026-02-20,63.8,20
506,6,paid_search,2026-02-20,66.99,21
507,7,cross_promo,2026-02-20,3.6,8
508,8,cross_promo,2026-02-20,4.05,9
509,9,cross_promo,2026-02-20,4.05,9
510,10,organic,2026-02-20,0.0,83
511,1,paid_social,2026-02-21,70.93,44
512,2,paid_social,2026-02-21,70.93,44
513,3,paid_social,2026-02-21,70.93,44
514,4,paid_search,2026-02-21,63.92,20
515,5,paid_search,2026-02-21,67.11,21
516,6,paid_search,2026-02-21,67.11,21
517,7,cross_promo,2026-02-21,3.15,7
518,8,cross_promo,2026-02-21,3.15,7
519,9,cross_promo,2026-02-21,3.6,8
520,10,organic,2026-02-21,0.0,57
521,1,paid_social,2026-02-22,94.19,58
522,2,paid_social,2026-02-22,95.81,59
523,3,paid_social,2026-02-22,95.81,59
524,4,paid_search,2026-02-22,57.63,18
525,5,paid_search,2026-02-22,60.83,19
526,6,paid_search,2026-02-22,60.83,19
527,7,cross_promo,2026-02-22,2.7,6
528,8,cross_promo,2026-02-22,3.15,7
529,9,cross_promo,2026-02-22,3.15,7
530,10,organic,2026-02-22,0.0,53
531,1,paid_social,2026-02-23,86.71,53
532,2,paid_social,2026-02-23,86.71,53
533,3,paid_social,2026-02-23,86.71,53
534,4,paid_search,2026-02-23,70.56,22
535,5,paid_search,2026-02-23,73.77,23
536,6,paid_search,2026-02-23,73.77,23
537,7,cross_promo,2026-02-23,4.05,9
538,8,cross_promo,2026-02-23,4.05,9
539,9,cross_promo,2026-02-23,4.05,9
540,10,organic,2026-02-23,0.0,65
541,1,paid_social,2026-02-24,74.16,45
542,2,paid_social,2026-02-24,75.81,46
543,3,paid_social,2026-02-24,75.81,46
544,4,paid_search,2026-02-24,64.26,20
545,5,paid_search,2026-02-24,64.26,20
546,6,paid_search,2026-02-24,64.26,20
547,7,cross_promo,2026-02-24,4.05,9
548,8,cross_promo,2026-02-24,4.5,10
549,9,cross_promo,2026-02-24,4.5,10
550,10,organic,2026-02-24,0.0,72
551,1,paid_social,2026-02-25,74.7,45
552,2,paid_social,2026-02-25,76.36,46
553,3,paid_social,2026-02-25,76.36,46
554,4,paid_search,2026-02-25,48.29,15
555,5,paid_search,2026-02-25,48.29,15
556,6,paid_search,2026-02-25,48.29,15
557,7,cross_promo,2026-02-25,3.15,7
558,8,cross_promo,2026-02-25,3.15,7
559,9,cross_promo,2026-02-25,3.15,7
560,10,organic,2026-02-25,0.0,74
561,1,paid_social,2026-02-26,88.62,53
562,2,paid_social,2026-02-26,90.29,54
563,3,paid_social,2026-02-26,90.29,54
564,4,paid_search,2026-02-26,64.5,20
565,5,paid_search,2026-02-26,67.72,21
566,6,paid_search,2026-02-26,67.72,21
567,7,cross_promo,2026-02-26,3.6,8
568,8,cross_promo,2026-02-26,3.6,8
569,9,cross_promo,2026-02-26,4.05,9
570,10,organic,2026-02-26,0.0,65
571,1,paid_social,2026-02-27,84.2,50
572,2,paid_social,2026-02-27,84.2,50
573,3,paid_social,2026-02-27,84.2,50
574,4,paid_search,2026-02-27,48.46,15
575,5,paid_search,2026-02-27,48.46,15
576,6,paid_search,2026-02-27,51.69,16
577,7,cross_promo,2026-02-27,3.6,8
578,8,cross_promo,2026-02-27,3.6,8
579,9,cross_promo,2026-02-27,3.6,8
580,10,organic,2026-02-27,0.0,82
581,1,paid_social,2026-02-28,89.89,53
582,2,paid_social,2026-02-28,89.89,53
583,3,paid_social,2026-02-28,89.89,53
584,4,paid_search,2026-02-28,51.78,16
585,5,paid_search,2026-02-28,51.78,16
586,6,paid_search,2026-02-28,51.78,16
587,7,cross_promo,2026-02-28,2.7,6
588,8,cross_promo,2026-02-28,3.15,7
589,9,cross_promo,2026-02-28,3.15,7
590,10,organic,2026-02-28,0.0,83
591,1,paid_social,2026-03-01,107.6,63
592,2,paid_social,2026-03-01,107.6,63
593,3,paid_social,2026-03-01,109.31,64
594,4,paid_search,2026-03-01,42.15,13
595,5,paid_search,2026-03-01,42.15,13
596,6,paid_search,2026-03-01,42.15,13
597,7,cross_promo,2026-03-01,3.15,7
598,8,cross_promo,2026-03-01,3.6,8
599,9,cross_promo,2026-03-01,3.6,8
600,10,organic,2026-03-01,0.0,83
601,1,paid_social,2026-03-02,77.4,45
602,2,paid_social,2026-03-02,79.12,46
603,3,paid_social,2026-03-02,79.12,46
604,4,paid_search,2026-03-02,35.73,11
605,5,paid_search,2026-03-02,38.98,12
606,6,paid_search,2026-03-02,38.98,12
607,7,cross_promo,2026-03-02,4.05,9
608,8,cross_promo,2026-03-02,4.05,9
609,9,cross_promo,2026-03-02,4.5,10
610,10,organic,2026-03-02,0.0,61
611,1,paid_social,2026-03-03,83.14,48
612,2,paid_social,2026-03-03,83.14,48
613,3,paid_social,2026-03-03,83.14,48
614,4,paid_search,2026-03-03,48.81,15
615,5,paid_search,2026-03-03,48.81,15
616,6,paid_search,2026-03-03,52.06,16
617,7,cross_promo,2026-03-03,4.5,10
618,8,cross_promo,2026-03-03,4.5,10
619,9,cross_promo,2026-03-03,4.95,11
620,10,organic,2026-03-03,0.0,71
621,1,paid_social,2026-03-04,99.41,57
622,2,paid_social,2026-03-04,99.41,57
623,3,paid_social,2026-03-04,101.15,58
624,4,paid_search,2026-03-04,58.67,18
625,5,paid_search,2026-03-04,58.67,18
626,6,paid_search,2026-03-04,58.67,18
627,7,cross_promo,2026-03-04,3.6,8
628,8,cross_promo,2026-03-04,3.6,8
629,9,cross_promo,2026-03-04,4.05,9
630,10,organic,2026-03-04,0.0,74
631,1,paid_social,2026-03-05,86.04,49
632,2,paid_social,2026-03-05,86.04,49
633,3,paid_social,2026-03-05,86.04,49
634,4,paid_search,2026-03-05,55.51,17
635,5,paid_search,2026-03-05,58.78,18
636,6,paid_search,2026-03-05,58.78,18
637,7,cross_promo,2026-03-05,4.05,9
638,8,cross_promo,2026-03-05,4.05,9
639,9,cross_promo,2026-03-05,4.05,9
640,10,organic,2026-03-05,0.0,60
641,1,paid_social,2026-03-06,84.86,48
642,2,paid_social,2026-03-06,84.86,48
643,3,paid_social,2026-03-06,84.86,48
644,4,paid_search,2026-03-06,55.61,17
645,5,paid_search,2026-03-06,55.61,17
646,6,paid_search,2026-03-06,55.61,17
647,7,cross_promo,2026-03-06,3.15,7
648,8,cross_promo,2026-03-06,3.15,7
649,9,cross_promo,2026-03-06,3.6,8
650,10,organic,2026-03-06,0.0,64
651,1,paid_social,2026-03-07,90.78,51
652,2,paid_social,2026-03-07,92.56,52
653,3,paid_social,2026-03-07,92.56,52
654,4,paid_search,2026-03-07,62.26,19
655,5,paid_search,2026-03-07,62.26,19
656,6,paid_search,2026-03-07,62.26,19
657,7,cross_promo,2026-03-07,3.15,7
658,8,cross_promo,2026-03-07,3.15,7
659,9,cross_promo,2026-03-07,3.6,8
660,10,organic,2026-03-07,0.0,63
661,1,paid_social,2026-03-08,77.06,43
662,2,paid_social,2026-03-08,77.06,43
663,3,paid_social,2026-03-08,78.85,44
664,4,paid_search,2026-03-08,62.37,19
665,5,paid_search,2026-03-08,62.37,19
666,6,paid_search,2026-03-08,65.66,20
667,7,cross_promo,2026-03-08,3.15,7
668,8,cross_promo,2026-03-08,3.15,7
669,9,cross_promo,2026-03-08,3.6,8
670,10,organic,2026-03-08,0.0,81
671,1,paid_social,2026-03-09,70.36,39
672,2,paid_social,2026-03-09,70.36,39
673,3,paid_social,2026-03-09,70.36,39
674,4,paid_search,2026-03-09,46.04,14
675,5,paid_search,2026-03-09,46.04,14
676,6,paid_search,2026-03-09,46.04,14
677,7,cross_promo,2026-03-09,3.15,7
678,8,cross_promo,2026-03-09,3.15,7
679,9,cross_promo,2026-03-09,3.15,7
680,10,organic,2026-03-09,0.0,74
681,1,paid_social,2026-03-10,99.88,55
682,2,paid_social,2026-03-10,99.88,55
683,3,paid_social,2026-03-10,101.7,56
684,4,paid_search,2026-03-10,36.24,11
685,5,paid_search,2026-03-10,39.53,12
686,6,paid_search,2026-03-10,39.53,12
687,7,cross_promo,2026-03-10,3.15,7
688,8,cross_promo,2026-03-10,3.6,8
689,9,cross_promo,2026-03-10,3.6,8
690,10,organic,2026-03-10,0.0,65
691,1,paid_social,2026-03-11,84.09,46
692,2,paid_social,2026-03-11,84.09,46
693,3,paid_social,2026-03-11,84.09,46
694,4,paid_search,2026-03-11,52.8,16
695,5,paid_search,2026-03-11,56.1,17
696,6,paid_search,2026-03-11,56.1,17
697,7,cross_promo,2026-03-11,2.25,5
698,8,cross_promo,2026-03-11,2.25,5
699,9,cross_promo,2026-03-11,2.7,6
700,10,organic,2026-03-11,0.0,71
701,1,paid_social,2026-03-12,68.08,37
702,2,paid_social,2026-03-12,68.08,37
703,3,paid_social,2026-03-12,69.92,38
704,4,paid_search,2026-03-12,66.12,20
705,5,paid_search,2026-03-12,69.43,21
706,6,paid_search,2026-03-12,69.43,21
707,7,cross_promo,2026-03-12,2.7,6
708,8,cross_promo,2026-03-12,3.15,7
709,9,cross_promo,2026-03-12,3.15,7
710,10,organic,2026-03-12,0.0,67
711,1,paid_social,2026-03-13,85.19,46
712,2,paid_social,2026-03-13,85.19,46
713,3,paid_social,2026-03-13,85.19,46
714,4,paid_search,2026-03-13,52.99,16
715,5,paid_search,2026-03-13,52.99,16
716,6,paid_search,2026-03-13,52.99,16
717,7,cross_promo,2026-03-13,4.05,9
718,8,cross_promo,2026-03-13,4.05,9
719,9,cross_promo,2026-03-13,4.05,9
720,10,organic,2026-03-13,0.0,76
721,1,paid_social,2026-03-14,93.2,50
722,2,paid_social,2026-03-14,95.06,51
723,3,paid_social,2026-03-14,95.06,51
724,4,paid_search,2026-03-14,59.72,18
725,5,paid_search,2026-03-14,59.72,18
726,6,paid_search,2026-03-14,63.04,19
727,7,cross_promo,2026-03-14,3.15,7
728,8,cross_promo,2026-03-14,3.6,8
729,9,cross_promo,2026-03-14,3.6,8
730,10,organic,2026-03-14,0.0,73
731,1,paid_social,2026-03-15,95.67,51
732,2,paid_social,2026-03-15,95.67,51
733,3,paid_social,2026-03-15,97.55,52
734,4,paid_search,2026-03-15,66.47,20
735,5,paid_search,2026-03-15,69.79,21
736,6,paid_search,2026-03-15,69.79,21
737,7,cross_promo,2026-03-15,3.15,7
738,8,cross_promo,2026-03-15,3.15,7
739,9,cross_promo,2026-03-15,3.6,8
740,10,organic,2026-03-15,0.0,91
741,1,paid_social,2026-03-16,86.85,46
742,2,paid_social,2026-03-16,88.74,47
743,3,paid_social,2026-03-16,88.74,47
744,4,paid_search,2026-03-16,59.93,18
745,5,paid_search,2026-03-16,59.93,18
746,6,paid_search,2026-03-16,63.26,19
747,7,cross_promo,2026-03-16,2.7,6
748,8,cross_promo,2026-03-16,3.15,7
749,9,cross_promo,2026-03-16,3.15,7
750,10,organic,2026-03-16,0.0,56
751,1,paid_social,2026-03-17,70.3,37
752,2,paid_social,2026-03-17,70.3,37
753,3,paid_social,2026-03-17,72.2,38
754,4,paid_search,2026-03-17,63.36,19
755,5,paid_search,2026-03-17,63.36,19
756,6,paid_search,2026-03-17,63.36,19
757,7,cross_promo,2026-03-17,3.6,8
758,8,cross_promo,2026-03-17,4.05,9
759,9,cross_promo,2026-03-17,4.05,9
760,10,organic,2026-03-17,0.0,60
761,1,paid_social,2026-03-18,93.69,49
762,2,paid_social,2026-03-18,93.69,49
763,3,paid_social,2026-03-18,95.6,50
764,4,paid_search,2026-03-18,63.48,19
765,5,paid_search,2026-03-18,63.48,19
766,6,paid_search,2026-03-18,63.48,19
767,7,cross_promo,2026-03-18,3.6,8
768,8,cross_promo,2026-03-18,3.6,8
769,9,cross_promo,2026-03-18,4.05,9
770,10,organic,2026-03-18,0.0,68
771,1,paid_social,2026-03-19,96.2,50
772,2,paid_social,2026-03-19,96.2,50
773,3,paid_social,2026-03-19,96.2,50
774,4,paid_search,2026-03-19,73.63,22
775,5,paid_search,2026-03-19,76.97,23
776,6,paid_search,2026-03-19,76.97,23
777,7,cross_promo,2026-03-19,2.7,6
778,8,cross_promo,2026-03-19,2.7,6
779,9,cross_promo,2026-03-19,2.7,6
780,10,organic,2026-03-19,0.0,76
781,1,paid_social,2026-03-20,75.5,39
782,2,paid_social,2026-03-20,77.44,40
783,3,paid_social,2026-03-20,77.44,40
784,4,paid_search,2026-03-20,73.75,22
785,5,paid_search,2026-03-20,73.75,22
786,6,paid_search,2026-03-20,73.75,22
787,7,cross_promo,2026-03-20,4.05,9
788,8,cross_promo,2026-03-20,4.5,10
789,9,cross_promo,2026-03-20,4.5,10
790,10,organic,2026-03-20,0.0,66
791,1,paid_social,2026-03-21,85.71,44
792,2,paid_social,2026-03-21,85.71,44
793,3,paid_social,2026-03-21,87.66,45
794,4,paid_search,2026-03-21,60.45,18
795,5,paid_search,2026-03-21,63.81,19
796,6,paid_search,2026-03-21,63.81,19
797,7,cross_promo,2026-03-21,3.6,8
798,8,cross_promo,2026-03-21,4.05,9
799,9,cross_promo,2026-03-21,4.05,9
800,10,organic,2026-03-21,0.0,75
801,1,paid_social,2026-03-22,92.12,47
802,2,paid_social,2026-03-22,92.12,47
803,3,paid_social,2026-03-22,94.08,48
804,4,paid_search,2026-03-22,57.19,17
805,5,paid_search,2026-03-22,57.19,17
806,6,paid_search,2026-03-22,57.19,17
807,7,cross_promo,2026-03-22,2.7,6
808,8,cross_promo,2026-03-22,2.7,6
809,9,cross_promo,2026-03-22,3.15,7
810,10,organic,2026-03-22,0.0,69
811,1,paid_social,2026-03-23,130.15,66
812,2,paid_social,2026-03-23,130.15,66
813,3,paid_social,2026-03-23,130.15,66
814,4,paid_search,2026-03-23,64.03,19
815,5,paid_search,2026-03-23,67.4,20
816,6,paid_search,2026-03-23,67.4,20
817,7,cross_promo,2026-03-23,2.7,6
818,8,cross_promo,2026-03-23,2.7,6
819,9,cross_promo,2026-03-23,3.15,7
820,10,organic,2026-03-23,0.0,57
821,1,paid_social,2026-03-24,85.31,43
822,2,paid_social,2026-03-24,87.29,44
823,3,paid_social,2026-03-24,87.29,44
824,4,paid_search,2026-03-24,50.63,15
825,5,paid_search,2026-03-24,50.63,15
826,6,paid_search,2026-03-24,50.63,15
827,7,cross_promo,2026-03-24,3.15,7
828,8,cross_promo,2026-03-24,3.6,8
829,9,cross_promo,2026-03-24,3.6,8
830,10,organic,2026-03-24,0.0,87
831,1,paid_social,2026-03-25,107.78,54
832,2,paid_social,2026-03-25,109.78,55
833,3,paid_social,2026-03-25,109.78,55
834,4,paid_search,2026-03-25,67.63,20
835,5,paid_search,2026-03-25,67.63,20
836,6,paid_search,2026-03-25,71.01,21
837,7,cross_promo,2026-03-25,3.6,8
838,8,cross_promo,2026-03-25,3.6,8
839,9,cross_promo,2026-03-25,3.6,8
840,10,organic,2026-03-25,0.0,66
841,1,paid_social,2026-03-26,98.39,49
842,2,paid_social,2026-03-26,98.39,49
843,3,paid_social,2026-03-26,100.4,50
844,4,paid_search,2026-03-26,57.58,17
845,5,paid_search,2026-03-26,57.58,17
846,6,paid_search,2026-03-26,57.58,17
847,7,cross_promo,2026-03-26,3.6,8
848,8,cross_promo,2026-03-26,4.05,9
849,9,cross_promo,2026-03-26,4.05,9
850,10,organic,2026-03-26,0.0,71
851,1,paid_social,2026-03-27,121.2,60
852,2,paid_social,2026-03-27,121.2,60
853,3,paid_social,2026-03-27,121.2,60
854,4,paid_search,2026-03-27,74.64,22
855,5,paid_search,2026-03-27,78.04,23
856,6,paid_search,2026-03-27,78.04,23
857,7,cross_promo,2026-03-27,3.15,7
858,8,cross_promo,2026-03-27,3.15,7
859,9,cross_promo,2026-03-27,3.15,7
860,10,organic,2026-03-27,0.0,62
861,1,paid_social,2026-03-28,105.67,52
862,2,paid_social,2026-03-28,107.7,53
863,3,paid_social,2026-03-28,107.7,53
864,4,paid_search,2026-03-28,64.58,19
865,5,paid_search,2026-03-28,64.58,19
866,6,paid_search,2026-03-28,64.58,19
867,7,cross_promo,2026-03-28,3.6,8
868,8,cross_promo,2026-03-28,3.6,8
869,9,cross_promo,2026-03-28,3.6,8
870,10,organic,2026-03-28,0.0,48
871,1,paid_social,2026-03-29,94.03,46
872,2,paid_social,2026-03-29,94.03,46
873,3,paid_social,2026-03-29,96.07,47
874,4,paid_search,2026-03-29,61.28,18
875,5,paid_search,2026-03-29,61.28,18
876,6,paid_search,2026-03-29,61.28,18
877,7,cross_promo,2026-03-29,4.05,9
878,8,cross_promo,2026-03-29,4.05,9
879,9,cross_promo,2026-03-29,4.5,10
880,10,organic,2026-03-29,0.0,63
881,1,paid_social,2026-03-30,108.97,53
882,2,paid_social,2026-03-30,111.03,54
883,3,paid_social,2026-03-30,111.03,54
884,4,paid_search,2026-03-30,71.62,21
885,5,paid_search,2026-03-30,71.62,21
886,6,paid_search,2026-03-30,75.03,22
887,7,cross_promo,2026-03-30,3.6,8
888,8,cross_promo,2026-03-30,3.6,8
889,9,cross_promo,2026-03-30,3.6,8
890,10,organic,2026-03-30,0.0,66
891,1,paid_social,2026-03-31,86.85,42
892,2,paid_social,2026-03-31,88.92,43
893,3,paid_social,2026-03-31,88.92,43
894,4,paid_search,2026-03-31,61.49,18
895,5,paid_search,2026-03-31,61.49,18
896,6,paid_search,2026-03-31,61.49,18
897,7,cross_promo,2026-03-31,3.15,7
898,8,cross_promo,2026-03-31,3.15,7
899,9,cross_promo,2026-03-31,3.6,8
900,10,organic,2026-03-31,0.0,62
